source,destination,distance,train_type,train_type_code,dep_hour,day_of_week,is_peak_hour,is_delayed,delay_minutes
JAT,MMCT,401,Superfast,2,7,1,0,0,0
CSMT,MMCT,1466,Rajdhani,4,13,0,0,0,0
NDLS,MMCT,1384,Duronto,3,19,0,1,1,81
HYB,SBC,625,Superfast,2,14,4,0,0,0
MAS,NDLS,676,Superfast,2,10,2,1,1,63
CSMT,SBC,1039,Rajdhani,4,12,0,0,1,59
HWH,CNB,1007,Duronto,3,1,5,0,0,0
ADI,HYB,605,Passenger,0,12,0,0,1,64
HYB,MAS,1090,Superfast,2,22,0,0,0,0
NDLS,JAT,580,Express,1,2,6,0,0,0
SBC,MMCT,1128,Duronto,3,20,6,1,0,0
HWH,CSMT,1108,Superfast,2,21,2,1,1,69
CNB,JAT,496,Superfast,2,5,4,0,1,42
CNB,SBC,684,Superfast,2,8,5,1,1,63
CNB,HYB,799,Superfast,2,1,1,0,1,52
NDLS,HWH,1447,Duronto,3,6,4,0,0,0
CNB,HWH,1007,Superfast,2,12,5,0,1,50
ADI,CSMT,892,Rajdhani,4,23,4,0,1,66
HYB,MAS,1547,Superfast,2,18,3,1,1,98
HWH,SBC,633,Superfast,2,2,6,0,1,34
NDLS,MMCT,1384,Superfast,2,21,3,1,1,104
MAO,MMCT,580,Superfast,2,14,4,0,0,0
MAS,HYB,373,Superfast,2,3,5,0,1,53
HYB,MAS,1046,Rajdhani,4,13,1,0,0,0
ADI,NDLS,934,Passenger,0,5,4,0,1,89
MMCT,JAT,961,Express,1,16,4,0,1,92
SBC,CSMT,1115,Express,1,17,6,1,1,84
HYB,NDLS,1576,Duronto,3,0,0,0,0,0
HWH,MAS,1660,Rajdhani,4,18,0,1,1,101
MMCT,ADI,491,Passenger,0,17,6,1,1,94
CSMT,CNB,1323,Express,1,5,2,0,1,84
HYB,MAO,1216,Passenger,0,17,6,1,1,117
CNB,SBC,988,Superfast,2,21,5,1,1,90
HWH,ADI,1409,Superfast,2,7,1,0,1,95
MMCT,HWH,393,Superfast,2,7,4,0,1,44
SBC,NDLS,495,Superfast,2,1,1,0,1,60
MMCT,NDLS,1384,Rajdhani,4,7,2,0,0,0
JAT,ADI,788,Superfast,2,23,4,0,0,0
MAO,ADI,847,Express,1,13,1,0,1,72
MMCT,CNB,1232,Superfast,2,13,3,0,1,75
CNB,NDLS,440,Rajdhani,4,23,2,0,1,10
MMCT,SBC,742,Rajdhani,4,14,1,0,0,0
PNBE,CSMT,920,Superfast,2,2,3,0,0,0
HYB,MMCT,453,Superfast,2,17,6,1,1,86
NDLS,MMCT,1384,Rajdhani,4,15,3,0,0,0
SBC,PNBE,470,Rajdhani,4,0,3,0,0,0
MAS,ADI,934,Superfast,2,23,6,0,1,64
HYB,JAT,1346,Rajdhani,4,9,1,1,0,0
NDLS,MAO,1460,Rajdhani,4,10,0,1,1,87
NDLS,MAO,1326,Superfast,2,16,1,0,1,74
NDLS,HYB,514,Express,1,2,4,0,1,74
MMCT,JAT,831,Superfast,2,18,1,1,0,0
MAO,CNB,431,Superfast,2,13,5,0,0,0
MAO,CNB,1420,Duronto,3,8,1,1,0,0
JAT,HWH,838,Duronto,3,4,5,0,0,0
JAT,MAS,1286,Duronto,3,2,0,0,1,77
ADI,MAO,1503,Passenger,0,2,4,0,1,110
SBC,HYB,625,Rajdhani,4,11,0,1,0,0
SBC,HWH,933,Rajdhani,4,17,5,1,0,0
MAS,MAO,1433,Rajdhani,4,17,2,1,1,72
JAT,MMCT,625,Duronto,3,3,5,0,0,0
HYB,CSMT,907,Duronto,3,6,5,0,0,0
HWH,SBC,890,Superfast,2,8,6,1,1,78
NDLS,MMCT,1384,Express,1,1,0,0,1,105
HWH,CSMT,886,Rajdhani,4,14,4,0,0,0
CNB,PNBE,1498,Rajdhani,4,2,5,0,0,0
CSMT,HYB,423,Express,1,18,4,1,1,80
CSMT,PNBE,611,Rajdhani,4,11,6,1,1,68
NDLS,HWH,1447,Superfast,2,21,0,1,1,84
HWH,HYB,1182,Passenger,0,23,1,0,1,85
SBC,CSMT,712,Express,1,0,1,0,0,0
CNB,HWH,1007,Express,1,23,6,0,1,94
SBC,MAS,362,Express,1,3,3,0,0,0
NDLS,ADI,934,Rajdhani,4,14,2,0,0,0
MAS,SBC,362,Rajdhani,4,6,3,0,1,19
HWH,MAS,1660,Passenger,0,8,2,1,1,128
JAT,HYB,1168,Superfast,2,17,2,1,0,0
NDLS,MMCT,1384,Rajdhani,4,8,0,1,0,0
MMCT,MAO,580,Duronto,3,10,3,1,0,0
MAO,HYB,586,Superfast,2,18,1,1,0,0
MAS,NDLS,1243,Rajdhani,4,17,5,1,1,77
CNB,JAT,753,Superfast,2,2,5,0,1,54
HWH,MAO,992,Superfast,2,3,5,0,1,63
MAS,HYB,983,Superfast,2,10,3,1,0,0
CNB,MAS,1485,Rajdhani,4,13,5,0,0,0
PNBE,JAT,706,Superfast,2,9,3,1,1,73
HYB,NDLS,972,Duronto,3,13,6,0,0,0
MAO,CNB,1009,Superfast,2,14,5,0,1,86
SBC,HYB,625,Express,1,23,1,0,0,0
JAT,MMCT,931,Superfast,2,20,4,1,0,0
HWH,MMCT,831,Superfast,2,7,6,0,1,72
SBC,CSMT,400,Rajdhani,4,15,4,0,0,0
MMCT,ADI,1198,Express,1,18,1,1,0,0
CNB,PNBE,1362,Superfast,2,4,5,0,0,0
CNB,NDLS,440,Express,1,7,1,0,0,0
CNB,HYB,1301,Rajdhani,4,7,6,0,0,0
MMCT,ADI,623,Express,1,21,4,1,1,69
HYB,MAO,999,Passenger,0,14,4,0,1,89
CNB,HYB,1223,Express,1,17,3,1,1,80
CSMT,ADI,1271,Duronto,3,7,6,0,0,0
JAT,MAS,1417,Superfast,2,7,2,0,1,90
ADI,MMCT,935,Duronto,3,10,2,1,1,72
HYB,MMCT,633,Rajdhani,4,12,5,0,1,46
CSMT,SBC,481,Superfast,2,10,4,1,1,86
ADI,PNBE,477,Duronto,3,13,3,0,0,0
MAO,NDLS,1529,Superfast,2,0,2,0,1,71
MAS,PNBE,1208,Superfast,2,23,4,0,1,61
MAO,SBC,1349,Duronto,3,13,3,0,1,62
NDLS,PNBE,998,Superfast,2,12,5,0,0,0
CSMT,ADI,611,Passenger,0,17,0,1,1,113
PNBE,MAO,1505,Superfast,2,2,5,0,1,92
PNBE,CSMT,1295,Rajdhani,4,8,3,1,0,0
HWH,SBC,1281,Duronto,3,12,2,0,1,63
PNBE,MAS,517,Superfast,2,23,4,0,1,11
NDLS,HWH,1447,Superfast,2,20,0,1,1,69
NDLS,SBC,758,Express,1,19,1,1,1,82
SBC,CSMT,1319,Superfast,2,18,1,1,1,90
ADI,MAS,1105,Rajdhani,4,19,5,1,0,0
CNB,MMCT,685,Passenger,0,3,4,0,1,91
NDLS,MAS,1529,Superfast,2,12,3,0,0,0
CNB,SBC,505,Superfast,2,20,1,1,0,0
MMCT,MAS,1579,Express,1,18,6,1,1,127
NDLS,HWH,1447,Superfast,2,11,0,1,0,0
HYB,JAT,1048,Rajdhani,4,13,6,0,0,0
ADI,MMCT,1237,Passenger,0,20,6,1,1,109
ADI,CSMT,1241,Rajdhani,4,16,5,0,1,56
MAS,MAO,1452,Express,1,14,3,0,1,103
CNB,MAO,899,Duronto,3,7,6,0,0,0
MMCT,MAS,1273,Duronto,3,14,4,0,0,0
MAO,JAT,1126,Duronto,3,15,6,0,1,72
HWH,CSMT,1348,Duronto,3,8,2,1,0,0
MAS,MAO,915,Superfast,2,16,1,0,1,77
MMCT,SBC,1182,Superfast,2,7,5,0,1,89
ADI,JAT,1355,Superfast,2,0,0,0,0,0
MAS,SBC,362,Superfast,2,9,5,1,1,61
MAO,HWH,1319,Superfast,2,11,3,1,1,99
CNB,HYB,1027,Superfast,2,14,2,0,0,0
MAS,CNB,822,Rajdhani,4,6,2,0,0,0
MMCT,HYB,729,Rajdhani,4,23,3,0,0,0
MAS,MAO,1424,Superfast,2,3,6,0,1,91
SBC,MAS,362,Superfast,2,9,0,1,0,0
CNB,HYB,609,Duronto,3,1,4,0,0,0
MAS,CSMT,1355,Rajdhani,4,0,4,0,0,0
MAS,ADI,1330,Superfast,2,5,0,0,1,84
MAS,ADI,583,Express,1,12,3,0,0,0
MMCT,MAO,580,Rajdhani,4,18,2,1,1,60
MMCT,SBC,592,Superfast,2,13,4,0,1,59
MAO,CNB,812,Express,1,12,3,0,1,56
ADI,MAS,1555,Passenger,0,9,4,1,1,118
MAO,NDLS,1598,Passenger,0,3,6,0,1,116
SBC,JAT,782,Duronto,3,2,1,0,0,0
SBC,CSMT,1480,Rajdhani,4,0,3,0,0,0
ADI,MAO,1312,Duronto,3,7,2,0,1,82
CNB,MAS,1279,Rajdhani,4,7,2,0,0,0
JAT,MAO,755,Superfast,2,17,1,1,1,77
JAT,CSMT,894,Express,1,2,0,0,0,0
CSMT,MAS,1568,Superfast,2,18,2,1,1,97
ADI,MMCT,1309,Superfast,2,22,3,0,0,0
MAS,HYB,1455,Superfast,2,2,4,0,0,0
NDLS,PNBE,998,Superfast,2,0,0,0,0,0
SBC,JAT,1528,Superfast,2,0,6,0,1,92
JAT,MAS,1530,Rajdhani,4,5,3,0,0,0
HYB,JAT,1255,Express,1,5,4,0,1,86
PNBE,JAT,1357,Passenger,0,15,2,0,1,95
PNBE,HWH,532,Superfast,2,5,2,0,0,0
PNBE,ADI,940,Superfast,2,12,6,0,1,41
HYB,NDLS,1281,Rajdhani,4,8,2,1,1,100
MMCT,PNBE,1403,Express,1,0,5,0,1,103
HYB,ADI,1196,Rajdhani,4,16,2,0,0,0
MAO,ADI,1255,Express,1,6,2,0,0,0
HYB,CSMT,939,Superfast,2,22,3,0,0,0
MMCT,NDLS,1384,Express,1,22,1,0,1,70
MAS,HYB,378,Superfast,2,2,1,0,0,0
MMCT,ADI,590,Superfast,2,4,3,0,0,0
CNB,MAS,1392,Superfast,2,13,6,0,1,75
ADI,CNB,849,Superfast,2,4,3,0,0,0
SBC,MAO,1390,Superfast,2,4,6,0,0,0
MMCT,MAS,1199,Duronto,3,16,2,0,0,0
NDLS,MAS,961,Express,1,18,5,1,1,101
ADI,CSMT,1264,Superfast,2,11,2,1,0,0
HYB,CNB,1122,Superfast,2,10,6,1,1,73
SBC,CNB,1521,Superfast,2,13,0,0,0,0
HWH,ADI,1130,Superfast,2,21,6,1,1,85
JAT,CSMT,1364,Passenger,0,4,4,0,1,119
MAO,HWH,555,Express,1,14,0,0,1,78
HYB,ADI,381,Superfast,2,13,6,0,1,56
JAT,CSMT,503,Superfast,2,8,2,1,1,43
MAO,PNBE,514,Express,1,21,6,1,1,78
HYB,PNBE,998,Superfast,2,15,6,0,1,65
HYB,NDLS,490,Duronto,3,21,2,1,0,0
SBC,MMCT,1238,Passenger,0,20,5,1,1,116
MMCT,ADI,690,Superfast,2,0,0,0,1,60
HWH,NDLS,1447,Superfast,2,13,1,0,0,0
SBC,HYB,625,Superfast,2,5,1,0,1,36
CSMT,MMCT,1598,Express,1,19,5,1,1,101
SBC,ADI,1544,Rajdhani,4,14,5,0,0,0
MAS,ADI,872,Superfast,2,14,2,0,0,0
JAT,HYB,673,Rajdhani,4,11,4,1,1,54
MAS,JAT,1218,Superfast,2,14,6,0,1,62
MAS,SBC,362,Express,1,3,1,0,1,58
PNBE,MAO,1085,Superfast,2,22,2,0,1,67
NDLS,JAT,580,Duronto,3,18,6,1,1,74
JAT,NDLS,580,Superfast,2,9,6,1,0,0
SBC,MAO,1071,Duronto,3,6,4,0,0,0
MAS,JAT,630,Superfast,2,20,5,1,1,61
NDLS,MAS,1252,Rajdhani,4,11,5,1,1,73
CSMT,MMCT,954,Duronto,3,13,1,0,1,53
SBC,CSMT,1454,Express,1,11,4,1,1,96
HYB,MAS,686,Duronto,3,15,6,0,1,62
MAS,HWH,1660,Superfast,2,2,1,0,1,55
SBC,JAT,1163,Passenger,0,17,2,1,1,97
MMCT,PNBE,378,Duronto,3,3,3,0,0,0
HWH,JAT,886,Superfast,2,20,2,1,1,79
MMCT,JAT,828,Superfast,2,19,4,1,1,74
HWH,MAO,803,Superfast,2,20,6,1,1,102
ADI,MAS,1186,Rajdhani,4,1,0,0,0,0
MAS,ADI,587,Rajdhani,4,17,1,1,0,0
PNBE,ADI,1109,Superfast,2,23,5,0,1,79
HYB,PNBE,1552,Superfast,2,4,3,0,1,81
JAT,MMCT,1352,Superfast,2,8,0,1,1,82
CNB,HWH,1007,Superfast,2,7,6,0,1,55
HWH,MMCT,1102,Superfast,2,20,2,1,0,0
NDLS,PNBE,998,Rajdhani,4,3,6,0,0,0
ADI,MMCT,784,Superfast,2,19,0,1,0,0
NDLS,HWH,1447,Passenger,0,18,1,1,0,0
MMCT,HYB,774,Superfast,2,7,2,0,0,0
CSMT,MAO,580,Duronto,3,4,1,0,1,54
HYB,MAS,707,Rajdhani,4,0,1,0,0,0
NDLS,HWH,1447,Superfast,2,0,1,0,0,0
MAS,NDLS,609,Superfast,2,16,0,0,1,44
CNB,MMCT,1325,Superfast,2,11,4,1,1,68
MAO,MMCT,580,Superfast,2,19,0,1,0,0
CNB,JAT,1417,Duronto,3,20,0,1,1,71
NDLS,ADI,934,Superfast,2,3,3,0,0,0
CNB,ADI,500,Express,1,10,4,1,1,80
CSMT,MMCT,608,Duronto,3,20,4,1,0,0
HYB,HWH,1130,Passenger,0,16,2,0,1,90
ADI,HYB,1589,Superfast,2,22,0,0,1,89
JAT,CNB,1479,Superfast,2,6,3,0,0,0
ADI,SBC,1197,Duronto,3,14,3,0,1,64
PNBE,MMCT,990,Superfast,2,21,2,1,1,77
HWH,CSMT,1321,Rajdhani,4,2,0,0,0,0
PNBE,MMCT,1113,Express,1,17,0,1,1,94
MAO,HYB,1500,Duronto,3,3,3,0,0,0
HWH,JAT,1216,Express,1,23,0,0,1,111
MAS,MAO,989,Superfast,2,18,4,1,0,0
SBC,CSMT,1337,Duronto,3,3,2,0,0,0
HYB,HWH,585,Express,1,18,1,1,1,55
PNBE,HYB,1490,Rajdhani,4,21,6,1,1,104
CNB,MAS,409,Rajdhani,4,22,6,0,0,0
MAS,HWH,1660,Rajdhani,4,4,4,0,0,0
JAT,PNBE,492,Rajdhani,4,20,0,1,0,0
MMCT,HYB,790,Superfast,2,14,2,0,0,0
CSMT,HWH,988,Superfast,2,18,4,1,0,0
MMCT,NDLS,1384,Rajdhani,4,19,0,1,0,0
JAT,MMCT,907,Superfast,2,13,3,0,0,0
MAO,ADI,1198,Duronto,3,16,0,0,1,50
HWH,PNBE,532,Duronto,3,21,4,1,0,0
ADI,HYB,981,Rajdhani,4,12,4,0,0,0
NDLS,CNB,440,Duronto,3,6,6,0,0,0
CSMT,MAS,942,Duronto,3,0,3,0,1,50
CNB,PNBE,709,Rajdhani,4,17,5,1,1,55
SBC,HYB,625,Express,1,11,0,1,1,72
PNBE,NDLS,998,Rajdhani,4,2,6,0,0,0
HWH,MAO,1229,Superfast,2,22,5,0,1,59
PNBE,MAS,585,Superfast,2,10,1,1,0,0
MAO,ADI,1091,Rajdhani,4,3,1,0,0,0
PNBE,MAO,1170,Superfast,2,12,6,0,0,0
MAS,HWH,1660,Duronto,3,5,0,0,0,0
HYB,JAT,583,Superfast,2,6,6,0,0,0
HWH,CNB,1007,Duronto,3,4,2,0,0,0
SBC,CSMT,1583,Rajdhani,4,20,0,1,0,0
CSMT,JAT,1361,Superfast,2,18,6,1,1,96
MAO,ADI,1506,Superfast,2,19,2,1,0,0
JAT,HWH,659,Superfast,2,15,3,0,0,0
JAT,MAS,912,Superfast,2,11,4,1,1,86
MMCT,MAS,1295,Superfast,2,1,2,0,0,0
MAS,MMCT,534,Superfast,2,16,3,0,1,49
ADI,MAO,1485,Passenger,0,23,0,0,1,119
ADI,MAO,735,Duronto,3,15,4,0,0,0
CSMT,NDLS,1384,Rajdhani,4,10,5,1,0,0
MMCT,HYB,703,Rajdhani,4,22,3,0,0,0
ADI,HYB,1420,Superfast,2,11,2,1,1,74
MAS,PNBE,1187,Express,1,21,4,1,1,84
NDLS,JAT,580,Rajdhani,4,3,4,0,0,0
JAT,PNBE,931,Duronto,3,21,4,1,0,0
CSMT,HWH,516,Superfast,2,4,2,0,1,37
MAS,JAT,1152,Rajdhani,4,22,0,0,0,0
MAS,HYB,1121,Superfast,2,10,6,1,1,74
CSMT,JAT,1428,Rajdhani,4,21,3,1,0,0
HYB,HWH,387,Superfast,2,5,1,0,1,40
HWH,ADI,743,Duronto,3,4,1,0,1,37
MMCT,MAS,557,Superfast,2,17,6,1,1,84
CNB,HYB,427,Superfast,2,19,1,1,0,0
MAO,PNBE,665,Rajdhani,4,22,6,0,1,48
MAO,CSMT,580,Rajdhani,4,11,5,1,0,0
CNB,SBC,1259,Superfast,2,23,6,0,0,0
ADI,SBC,1443,Duronto,3,15,6,0,1,82
SBC,HWH,1518,Passenger,0,14,6,0,1,102
MAS,PNBE,1379,Superfast,2,5,6,0,0,0
SBC,MAO,633,Express,1,1,5,0,0,0
ADI,HWH,1485,Express,1,22,6,0,1,91
HYB,MMCT,933,Rajdhani,4,5,2,0,0,0
ADI,HYB,651,Express,1,2,1,0,1,72
ADI,HWH,404,Superfast,2,12,4,0,1,54
HWH,SBC,1140,Passenger,0,11,1,1,1,135
NDLS,HWH,1447,Express,1,20,2,1,1,120
CSMT,CNB,428,Duronto,3,15,5,0,1,19
CSMT,ADI,1268,Superfast,2,2,0,0,0,0
MAS,SBC,362,Superfast,2,23,4,0,1,48
HYB,PNBE,577,Express,1,7,2,0,0,0
MMCT,NDLS,1384,Superfast,2,19,3,1,0,0
MMCT,CNB,1373,Superfast,2,0,5,0,1,102
HYB,MAO,845,Superfast,2,9,3,1,1,77
NDLS,MAO,1072,Duronto,3,13,1,0,0,0
JAT,CNB,525,Superfast,2,11,0,1,1,66
HYB,CNB,1389,Express,1,16,4,0,1,79
NDLS,PNBE,998,Rajdhani,4,12,2,0,0,0
MAS,NDLS,1081,Express,1,11,1,1,1,116
CNB,JAT,562,Express,1,23,6,0,1,44
HWH,CSMT,440,Superfast,2,10,6,1,1,59
JAT,CSMT,1301,Passenger,0,15,5,0,1,96
CSMT,CNB,479,Superfast,2,14,0,0,1,65
MAS,SBC,362,Express,1,1,2,0,1,49
MAS,HYB,1165,Passenger,0,17,3,1,1,116
MAS,NDLS,741,Duronto,3,1,6,0,1,43
JAT,HWH,909,Rajdhani,4,11,3,1,0,0
PNBE,ADI,1141,Duronto,3,5,3,0,0,0
CNB,ADI,1102,Express,1,16,2,0,1,85
MMCT,PNBE,511,Superfast,2,5,4,0,0,0
MAS,HWH,1660,Rajdhani,4,21,2,1,1,111
MAS,ADI,1584,Superfast,2,5,5,0,0,0
ADI,HWH,1265,Rajdhani,4,11,4,1,1,56
PNBE,MAS,467,Rajdhani,4,20,3,1,1,53
HWH,HYB,677,Passenger,0,4,6,0,1,98
MAO,JAT,1247,Rajdhani,4,2,1,0,0,0
JAT,HWH,1091,Superfast,2,18,0,1,0,0
MAO,CSMT,580,Express,1,11,3,1,0,0
MMCT,MAO,580,Superfast,2,12,2,0,1,32
JAT,MAS,861,Passenger,0,0,5,0,1,92
CSMT,ADI,1410,Superfast,2,17,0,1,0,0
MAS,CNB,1263,Duronto,3,19,2,1,0,0
CNB,ADI,759,Rajdhani,4,2,3,0,0,0
CSMT,ADI,529,Express,1,10,5,1,0,0
HWH,MMCT,1476,Superfast,2,9,6,1,1,88
CSMT,JAT,706,Express,1,16,1,0,1,77
MMCT,SBC,634,Duronto,3,15,0,0,0,0
HWH,HYB,1522,Superfast,2,17,1,1,0,0
MAO,MMCT,580,Duronto,3,22,5,0,0,0
ADI,HYB,1191,Express,1,18,0,1,0,0
CSMT,HWH,501,Superfast,2,21,4,1,0,0
HWH,CSMT,1479,Superfast,2,5,6,0,0,0
CSMT,PNBE,1379,Express,1,1,6,0,0,0
MMCT,HYB,663,Duronto,3,5,2,0,0,0
CNB,SBC,1058,Express,1,16,2,0,1,98
MMCT,MAS,752,Superfast,2,17,2,1,0,0
CSMT,JAT,970,Superfast,2,2,4,0,0,0
JAT,CSMT,1562,Express,1,4,1,0,0,0
JAT,MAO,1589,Duronto,3,18,0,1,1,87
NDLS,MMCT,1384,Express,1,18,2,1,1,94
JAT,SBC,1521,Superfast,2,20,0,1,1,72
ADI,JAT,1467,Duronto,3,9,3,1,0,0
SBC,JAT,1181,Duronto,3,2,5,0,0,0
NDLS,CSMT,1384,Superfast,2,14,1,0,0,0
HWH,MAO,644,Duronto,3,22,2,0,0,0
CNB,HWH,1007,Rajdhani,4,11,4,1,1,72
HYB,MMCT,1003,Duronto,3,3,2,0,0,0
ADI,SBC,638,Rajdhani,4,9,3,1,1,60
MAO,PNBE,858,Passenger,0,5,6,0,1,84
HWH,MAO,990,Rajdhani,4,5,3,0,0,0
HYB,ADI,1371,Express,1,15,0,0,0,0
MMCT,PNBE,1385,Superfast,2,7,1,0,0,0
MAO,HWH,449,Rajdhani,4,15,4,0,0,0
JAT,CNB,1313,Duronto,3,0,6,0,1,62
MMCT,PNBE,624,Express,1,23,2,0,0,0
PNBE,HWH,532,Superfast,2,18,4,1,0,0
SBC,HWH,1483,Duronto,3,12,4,0,0,0
ADI,HYB,922,Express,1,19,5,1,0,0
MAO,MMCT,580,Passenger,0,12,2,0,1,86
HWH,HYB,1098,Express,1,6,4,0,1,84
HYB,PNBE,1374,Rajdhani,4,1,1,0,0,0
CNB,HWH,1007,Superfast,2,4,4,0,1,58
HYB,CSMT,1021,Express,1,10,1,1,0,0
PNBE,MAO,962,Superfast,2,16,6,0,0,0
HYB,CNB,1353,Superfast,2,9,3,1,0,0
NDLS,HWH,1447,Superfast,2,13,4,0,1,64
MAS,JAT,404,Superfast,2,8,5,1,0,0
MAO,CNB,816,Superfast,2,18,3,1,0,0
CSMT,HYB,1128,Rajdhani,4,21,1,1,0,0
NDLS,MAO,575,Rajdhani,4,14,2,0,0,0
PNBE,CSMT,1195,Superfast,2,13,4,0,1,78
MAO,ADI,477,Superfast,2,16,1,0,0,0
HYB,HWH,1329,Superfast,2,10,1,1,1,94
ADI,HYB,1051,Superfast,2,21,6,1,1,83
CNB,JAT,891,Superfast,2,6,1,0,0,0
MAS,HYB,961,Duronto,3,9,6,1,1,55
MAS,SBC,362,Duronto,3,11,4,1,0,0
CNB,MAS,939,Rajdhani,4,21,4,1,0,0
PNBE,CNB,1056,Passenger,0,4,2,0,1,100
NDLS,MAS,511,Duronto,3,14,5,0,1,48
MAS,ADI,788,Duronto,3,17,2,1,1,54
HYB,MAS,631,Rajdhani,4,23,4,0,0,0
SBC,CNB,453,Superfast,2,16,1,0,1,52
JAT,SBC,457,Rajdhani,4,10,5,1,1,72
ADI,MMCT,631,Rajdhani,4,17,1,1,0,0
PNBE,JAT,1324,Superfast,2,6,6,0,0,0
MAS,HWH,1660,Superfast,2,2,5,0,1,70
MAO,SBC,1445,Superfast,2,1,1,0,0,0
PNBE,CSMT,424,Passenger,0,12,6,0,1,86
ADI,CSMT,942,Express,1,0,2,0,1,93
MAO,CNB,569,Express,1,10,2,1,1,80
ADI,JAT,1462,Superfast,2,4,6,0,1,98
HYB,ADI,908,Rajdhani,4,3,2,0,0,0
CSMT,ADI,876,Superfast,2,0,5,0,1,46
HWH,MAS,1660,Superfast,2,6,1,0,0,0
MAO,JAT,1180,Express,1,16,2,0,1,85
MMCT,PNBE,545,Rajdhani,4,4,3,0,0,0
HWH,SBC,363,Duronto,3,7,3,0,0,0
MAS,HWH,1660,Superfast,2,18,0,1,1,115
MAS,JAT,1086,Superfast,2,1,5,0,1,73
MMCT,ADI,978,Rajdhani,4,21,4,1,1,90
CNB,MAS,590,Superfast,2,9,2,1,0,0
MAO,SBC,798,Passenger,0,15,1,0,1,81
ADI,MAO,1115,Superfast,2,17,3,1,1,78
HYB,JAT,797,Express,1,21,6,1,1,101
MAO,MMCT,580,Superfast,2,22,2,0,0,0
MMCT,MAO,580,Rajdhani,4,17,4,1,1,56
SBC,MAO,1449,Rajdhani,4,10,6,1,0,0
HYB,ADI,588,Superfast,2,22,4,0,0,0
ADI,MMCT,1395,Superfast,2,1,3,0,1,77
CSMT,HYB,1200,Superfast,2,1,4,0,0,0
ADI,JAT,981,Superfast,2,12,2,0,0,0
NDLS,SBC,1534,Rajdhani,4,13,2,0,1,77
CNB,MMCT,1458,Passenger,0,2,3,0,1,99
NDLS,MAS,1187,Rajdhani,4,4,6,0,0,0
JAT,CNB,1210,Superfast,2,12,3,0,0,0
PNBE,CNB,514,Superfast,2,21,6,1,1,73
HYB,CSMT,1062,Rajdhani,4,17,3,1,0,0
HYB,CSMT,806,Express,1,0,2,0,1,78
ADI,JAT,1465,Superfast,2,12,6,0,0,0
SBC,CNB,1293,Duronto,3,8,1,1,0,0
CNB,MMCT,415,Express,1,13,4,0,1,68
NDLS,SBC,772,Rajdhani,4,19,0,1,0,0
ADI,MAO,449,Duronto,3,1,3,0,0,0
ADI,SBC,1455,Duronto,3,1,1,0,1,58
HYB,MAS,829,Express,1,23,4,0,1,71
HWH,MAO,1574,Express,1,10,1,1,0,0
MAS,CSMT,1417,Duronto,3,9,2,1,1,95
NDLS,HYB,1561,Express,1,5,5,0,0,0
JAT,PNBE,1488,Superfast,2,11,5,1,1,97
JAT,PNBE,1424,Duronto,3,13,3,0,0,0
CSMT,MAS,1120,Rajdhani,4,17,3,1,0,0
SBC,CNB,965,Express,1,4,6,0,0,0
ADI,NDLS,934,Superfast,2,13,4,0,0,0
HYB,CSMT,1145,Duronto,3,6,2,0,0,0
JAT,MMCT,1271,Express,1,2,4,0,1,73
CNB,SBC,455,Duronto,3,21,4,1,0,0
MAO,NDLS,499,Rajdhani,4,18,5,1,0,0
JAT,HYB,794,Superfast,2,10,2,1,0,0
NDLS,SBC,739,Passenger,0,3,5,0,1,86
ADI,SBC,1587,Superfast,2,12,1,0,1,80
HYB,HWH,929,Superfast,2,17,5,1,1,91
HWH,MAS,1660,Superfast,2,15,3,0,1,89
MMCT,ADI,1005,Express,1,11,2,1,1,79
PNBE,NDLS,998,Express,1,23,1,0,0,0
NDLS,MAS,1483,Express,1,18,5,1,1,106
PNBE,MAS,662,Rajdhani,4,7,3,0,0,0
MAO,SBC,1372,Superfast,2,21,2,1,0,0
MAS,ADI,1354,Superfast,2,23,6,0,0,0
HWH,CSMT,636,Superfast,2,15,1,0,0,0
HYB,JAT,470,Superfast,2,2,6,0,1,44
JAT,NDLS,580,Superfast,2,20,1,1,1,82
MMCT,CSMT,368,Duronto,3,14,2,0,0,0
NDLS,MAO,1339,Superfast,2,0,0,0,0,0
HYB,CNB,1192,Rajdhani,4,16,5,0,0,0
MAS,HYB,937,Rajdhani,4,22,5,0,1,61
PNBE,CSMT,569,Express,1,16,1,0,1,65
SBC,CNB,1428,Duronto,3,11,2,1,0,0
PNBE,MMCT,1114,Passenger,0,14,4,0,1,74
SBC,CNB,964,Superfast,2,2,5,0,0,0
JAT,NDLS,580,Superfast,2,12,4,0,1,27
ADI,NDLS,934,Superfast,2,2,3,0,0,0
PNBE,JAT,1028,Superfast,2,3,4,0,1,53
NDLS,SBC,782,Express,1,22,4,0,1,65
ADI,MAS,445,Express,1,21,2,1,1,80
HYB,MAO,417,Rajdhani,4,10,0,1,0,0
SBC,MAO,645,Express,1,22,6,0,0,0
PNBE,MMCT,962,Rajdhani,4,7,4,0,0,0
PNBE,JAT,1457,Duronto,3,23,1,0,0,0
CNB,MMCT,1375,Superfast,2,11,0,1,0,0
MMCT,PNBE,825,Express,1,10,4,1,1,80
MAO,CNB,1162,Passenger,0,10,0,1,1,114
JAT,MAS,1272,Superfast,2,11,4,1,0,0
PNBE,CNB,730,Superfast,2,21,3,1,0,0
MMCT,MAO,580,Express,1,22,0,0,0,0
MMCT,MAS,665,Superfast,2,20,1,1,0,0
CNB,PNBE,998,Superfast,2,2,0,0,0,0
MAS,ADI,1087,Express,1,3,1,0,1,90
MMCT,CSMT,1232,Superfast,2,17,4,1,1,88
PNBE,MMCT,403,Rajdhani,4,17,0,1,0,0
MAO,CNB,1014,Express,1,0,2,0,1,61
PNBE,CNB,523,Superfast,2,17,1,1,1,85
MAO,HYB,697,Superfast,2,5,1,0,0,0
MAS,CNB,899,Superfast,2,2,1,0,0,0
PNBE,MAS,1212,Duronto,3,2,2,0,0,0
MAS,SBC,362,Superfast,2,6,3,0,0,0
MMCT,CSMT,973,Rajdhani,4,12,2,0,0,0
MAO,PNBE,1024,Superfast,2,13,6,0,1,43
JAT,MAO,628,Duronto,3,19,5,1,0,0
SBC,ADI,993,Rajdhani,4,12,2,0,0,0
MAS,JAT,1355,Passenger,0,7,2,0,1,109
PNBE,MAS,1154,Superfast,2,18,1,1,1,91
MAO,HYB,718,Superfast,2,17,0,1,1,70
CNB,ADI,779,Superfast,2,9,6,1,1,65
CNB,MMCT,1187,Superfast,2,4,5,0,0,0
MAS,SBC,362,Superfast,2,22,3,0,0,0
PNBE,MMCT,1269,Passenger,0,15,4,0,1,100
PNBE,HYB,1387,Express,1,22,3,0,1,98
HYB,NDLS,1086,Superfast,2,17,4,1,1,86
JAT,MMCT,573,Express,1,21,5,1,1,81
HWH,CSMT,440,Superfast,2,20,5,1,0,0
JAT,PNBE,1029,Passenger,0,13,0,0,1,96
NDLS,MMCT,1384,Duronto,3,23,4,0,1,75
HYB,MAO,1528,Duronto,3,11,3,1,1,73
ADI,JAT,1555,Superfast,2,4,2,0,0,0
NDLS,ADI,934,Duronto,3,2,0,0,0,0
CNB,CSMT,1063,Duronto,3,14,6,0,0,0
SBC,HYB,625,Duronto,3,3,3,0,0,0
CNB,ADI,1003,Rajdhani,4,1,6,0,0,0
CNB,MMCT,396,Express,1,20,0,1,0,0
JAT,CSMT,849,Superfast,2,17,1,1,1,90
HWH,HYB,1223,Passenger,0,7,6,0,1,95
PNBE,JAT,727,Rajdhani,4,21,3,1,0,0
PNBE,NDLS,998,Superfast,2,13,3,0,1,64
NDLS,SBC,771,Duronto,3,22,6,0,0,0
MMCT,MAO,580,Express,1,17,1,1,1,89
HWH,CNB,1007,Superfast,2,8,5,1,1,67
ADI,HYB,991,Superfast,2,19,3,1,1,80
MAO,MMCT,580,Superfast,2,14,4,0,1,44
CSMT,JAT,959,Express,1,18,0,1,1,97
JAT,CSMT,991,Rajdhani,4,9,0,1,0,0
CSMT,HWH,639,Superfast,2,13,4,0,0,0
CSMT,MAO,580,Superfast,2,15,5,0,0,0
HYB,JAT,704,Superfast,2,15,2,0,0,0
CSMT,CNB,994,Express,1,19,0,1,1,95
HWH,NDLS,1447,Rajdhani,4,12,4,0,0,0
HYB,JAT,1363,Superfast,2,15,3,0,1,64
CNB,ADI,1350,Rajdhani,4,18,0,1,0,0
SBC,MAS,362,Duronto,3,17,2,1,0,0
CSMT,ADI,1508,Superfast,2,15,4,0,0,0
HYB,MMCT,1522,Rajdhani,4,17,6,1,0,0
HWH,HYB,435,Express,1,14,4,0,1,46
SBC,PNBE,559,Superfast,2,20,6,1,1,68
SBC,MAS,362,Superfast,2,11,6,1,0,0
MMCT,ADI,590,Express,1,7,1,0,1,73
CNB,MAO,1068,Express,1,19,5,1,1,87
PNBE,CSMT,635,Express,1,6,6,0,1,70
NDLS,MAO,1068,Superfast,2,19,4,1,1,68
CSMT,HWH,949,Duronto,3,8,6,1,0,0
HYB,JAT,545,Rajdhani,4,13,0,0,0,0
MAS,JAT,609,Superfast,2,4,1,0,0,0
CSMT,HWH,856,Express,1,21,3,1,0,0
ADI,CSMT,1532,Superfast,2,20,3,1,1,90
PNBE,ADI,504,Superfast,2,2,3,0,0,0
HYB,MAS,1105,Superfast,2,15,2,0,0,0
MAO,NDLS,540,Superfast,2,14,5,0,1,49
JAT,HWH,479,Express,1,12,1,0,1,51
PNBE,SBC,1363,Duronto,3,9,2,1,0,0
HYB,MAO,617,Superfast,2,15,6,0,1,59
HWH,JAT,449,Rajdhani,4,20,6,1,0,0
ADI,NDLS,934,Express,1,5,3,0,1,47
ADI,NDLS,934,Duronto,3,22,1,0,1,48
JAT,MAS,675,Express,1,8,0,1,1,91
JAT,HWH,862,Rajdhani,4,21,5,1,0,0
CSMT,NDLS,1384,Superfast,2,23,5,0,1,52
SBC,PNBE,536,Superfast,2,0,1,0,1,41
ADI,MMCT,621,Superfast,2,16,5,0,1,68
ADI,NDLS,934,Superfast,2,3,6,0,0,0
PNBE,CSMT,1328,Rajdhani,4,12,0,0,1,58
CNB,MMCT,561,Duronto,3,9,1,1,1,52
PNBE,CSMT,642,Rajdhani,4,18,0,1,0,0
MAO,JAT,686,Superfast,2,23,1,0,0,0
JAT,CSMT,1193,Superfast,2,14,6,0,0,0
SBC,MMCT,555,Rajdhani,4,3,4,0,0,0
CNB,PNBE,1069,Passenger,0,10,6,1,1,99
CSMT,SBC,917,Superfast,2,7,4,0,0,0
MAO,CNB,1594,Duronto,3,22,0,0,0,0
JAT,MAS,770,Superfast,2,16,1,0,0,0
CNB,PNBE,955,Superfast,2,7,3,0,0,0
PNBE,MMCT,843,Superfast,2,19,0,1,1,68
HYB,NDLS,1089,Express,1,4,3,0,1,93
MAO,PNBE,1098,Superfast,2,5,6,0,1,50
ADI,MMCT,384,Superfast,2,0,2,0,1,34
SBC,NDLS,473,Express,1,12,4,0,1,78
MAS,JAT,1376,Express,1,13,5,0,1,76
PNBE,MMCT,1448,Superfast,2,4,2,0,1,76
MMCT,MAS,511,Superfast,2,6,6,0,1,39
CSMT,HYB,1019,Superfast,2,20,6,1,0,0
JAT,CNB,485,Duronto,3,13,5,0,0,0
SBC,NDLS,850,Rajdhani,4,13,0,0,0,0
ADI,MAO,1596,Rajdhani,4,21,5,1,1,82
JAT,CSMT,594,Rajdhani,4,4,5,0,0,0
NDLS,CSMT,1384,Passenger,0,16,4,0,1,109
CNB,MAS,691,Superfast,2,23,6,0,0,0
MAS,MMCT,410,Duronto,3,13,2,0,1,31
HYB,MMCT,888,Superfast,2,18,5,1,0,0
MMCT,ADI,1282,Superfast,2,1,3,0,1,76
MAO,CSMT,580,Rajdhani,4,3,4,0,1,26
JAT,MMCT,817,Superfast,2,0,0,0,1,67
NDLS,SBC,444,Superfast,2,12,1,0,1,62
CSMT,NDLS,1384,Express,1,22,5,0,1,98
JAT,PNBE,809,Duronto,3,13,5,0,0,0
HWH,MAS,1660,Superfast,2,3,4,0,1,81
JAT,NDLS,580,Duronto,3,16,0,0,0,0
PNBE,MMCT,1302,Express,1,9,2,1,1,121
MMCT,HYB,1285,Rajdhani,4,6,2,0,0,0
MAO,MAS,846,Superfast,2,18,3,1,1,88
SBC,HYB,625,Rajdhani,4,13,0,0,0,0
SBC,HYB,625,Superfast,2,22,0,0,0,0
HWH,NDLS,1447,Express,1,23,2,0,0,0
MMCT,SBC,1435,Passenger,0,13,3,0,0,0
NDLS,CSMT,1384,Rajdhani,4,7,6,0,1,62
HYB,PNBE,1112,Superfast,2,23,0,0,1,78
MAO,MMCT,580,Rajdhani,4,12,0,0,0,0
MAO,CNB,477,Superfast,2,4,1,0,0,0
MAS,CNB,995,Express,1,12,5,0,1,70
CNB,HWH,1007,Superfast,2,7,0,0,0,0
SBC,CSMT,1547,Rajdhani,4,3,1,0,0,0
ADI,CNB,993,Superfast,2,17,2,1,0,0
SBC,ADI,981,Superfast,2,3,0,0,0,0
CSMT,JAT,973,Express,1,22,4,0,0,0
NDLS,SBC,1021,Rajdhani,4,22,1,0,0,0
HWH,PNBE,532,Rajdhani,4,9,2,1,0,0
CSMT,NDLS,1384,Express,1,17,5,1,1,109
HYB,SBC,625,Superfast,2,4,0,0,1,75
NDLS,CNB,440,Rajdhani,4,12,2,0,0,0
JAT,CNB,522,Superfast,2,8,6,1,1,73
MMCT,NDLS,1384,Rajdhani,4,20,3,1,1,81
CSMT,MMCT,1029,Rajdhani,4,14,0,0,0,0
CSMT,MAO,580,Express,1,12,3,0,1,87
NDLS,PNBE,998,Rajdhani,4,6,1,0,0,0
MAS,CNB,1263,Express,1,1,4,0,0,0
MAO,CNB,853,Superfast,2,15,3,0,0,0
HYB,ADI,474,Rajdhani,4,12,1,0,0,0
PNBE,SBC,1426,Duronto,3,17,6,1,1,75
NDLS,PNBE,998,Superfast,2,15,2,0,0,0
MAO,HYB,1008,Superfast,2,5,0,0,1,76
HWH,MAO,798,Rajdhani,4,8,0,1,1,54
ADI,HYB,1082,Express,1,7,1,0,0,0
MMCT,SBC,843,Duronto,3,23,0,0,1,46
SBC,MAO,1145,Superfast,2,5,1,0,0,0
SBC,MAO,1001,Express,1,22,2,0,1,71
MAO,NDLS,1070,Express,1,18,1,1,1,111
MAO,SBC,1358,Superfast,2,5,3,0,0,0
NDLS,MMCT,1384,Duronto,3,7,0,0,0,0
HYB,ADI,351,Duronto,3,19,1,1,0,0
CSMT,HWH,713,Express,1,10,0,1,0,0
NDLS,CSMT,1384,Superfast,2,4,6,0,1,86
MMCT,HYB,1097,Passenger,0,11,5,1,1,90
JAT,PNBE,1550,Rajdhani,4,9,2,1,0,0
CSMT,CNB,1244,Express,1,15,5,0,0,0
HWH,CSMT,1500,Superfast,2,19,6,1,1,101
HWH,SBC,1556,Express,1,12,2,0,1,103
CNB,MAS,610,Rajdhani,4,0,5,0,0,0
MAO,PNBE,1512,Rajdhani,4,19,2,1,0,0
MAO,SBC,1508,Rajdhani,4,15,1,0,0,0
HWH,MMCT,837,Duronto,3,10,1,1,1,61
JAT,MMCT,1037,Superfast,2,8,1,1,1,84
SBC,MMCT,1067,Duronto,3,3,5,0,1,72
NDLS,CNB,440,Superfast,2,13,1,0,0,0
PNBE,ADI,1125,Superfast,2,12,0,0,1,62
ADI,MAO,811,Rajdhani,4,2,6,0,1,48
NDLS,MAS,391,Duronto,3,3,0,0,0,0
HWH,CSMT,1118,Rajdhani,4,2,4,0,0,0
MMCT,HWH,1566,Passenger,0,15,5,0,1,117
NDLS,PNBE,998,Superfast,2,13,1,0,0,0
NDLS,MMCT,1384,Duronto,3,6,3,0,0,0
CNB,HYB,1456,Duronto,3,9,2,1,1,75
SBC,MMCT,451,Superfast,2,17,6,1,1,67
ADI,CSMT,461,Superfast,2,13,0,0,0,0
MAS,JAT,1579,Superfast,2,3,0,0,1,76
SBC,CSMT,947,Passenger,0,15,6,0,1,64
MMCT,MAS,1164,Superfast,2,21,2,1,1,87
MMCT,JAT,1464,Superfast,2,11,3,1,1,75
HWH,CSMT,1262,Rajdhani,4,14,3,0,0,0
MAS,SBC,362,Superfast,2,4,6,0,0,0
CNB,JAT,548,Rajdhani,4,11,6,1,1,57
HYB,PNBE,1557,Duronto,3,1,6,0,1,65
PNBE,HYB,1207,Passenger,0,21,6,1,1,128
ADI,MAO,832,Superfast,2,2,3,0,1,65
CNB,NDLS,440,Superfast,2,16,6,0,1,52
MAO,JAT,651,Rajdhani,4,14,1,0,1,31
CSMT,SBC,744,Rajdhani,4,13,0,0,0,0
JAT,PNBE,763,Passenger,0,20,1,1,1,127
MAO,MAS,1004,Express,1,2,0,0,1,104
PNBE,HYB,1163,Superfast,2,8,4,1,1,85
ADI,NDLS,934,Superfast,2,13,0,0,1,53
PNBE,CSMT,653,Superfast,2,18,6,1,1,60
MMCT,CNB,1502,Express,1,9,6,1,1,107
HYB,HWH,1191,Duronto,3,20,3,1,0,0
MAO,CNB,1318,Rajdhani,4,8,3,1,0,0
CSMT,MAO,580,Superfast,2,12,0,0,0,0
PNBE,HWH,532,Rajdhani,4,15,2,0,0,0
HWH,NDLS,1447,Express,1,9,2,1,1,108
MAS,ADI,551,Passenger,0,7,1,0,0,0
MAS,ADI,1007,Duronto,3,13,4,0,0,0
JAT,MMCT,734,Superfast,2,13,5,0,1,39
ADI,HYB,1115,Express,1,16,6,0,1,99
CSMT,MMCT,987,Superfast,2,12,1,0,0,0
HYB,MAO,409,Rajdhani,4,6,6,0,0,0
NDLS,SBC,417,Superfast,2,11,5,1,0,0
SBC,MAS,362,Express,1,16,3,0,1,56
JAT,MMCT,412,Duronto,3,15,4,0,1,43
ADI,CSMT,1321,Superfast,2,11,2,1,1,114
CSMT,MAS,535,Duronto,3,12,0,0,1,46
CSMT,MAO,580,Express,1,20,1,1,1,81
JAT,SBC,901,Superfast,2,16,0,0,0,0
JAT,NDLS,580,Express,1,20,1,1,1,99
MAO,NDLS,808,Duronto,3,9,5,1,1,79
CNB,JAT,913,Superfast,2,12,6,0,1,59
HWH,ADI,866,Duronto,3,9,5,1,1,72
HYB,MAO,1163,Superfast,2,0,4,0,0,0
JAT,HWH,1499,Superfast,2,19,2,1,0,0
MAS,JAT,571,Superfast,2,10,2,1,1,71
JAT,HWH,917,Duronto,3,22,5,0,0,0
MAS,SBC,362,Superfast,2,7,0,0,0,0
MAO,PNBE,1004,Superfast,2,23,0,0,1,64
JAT,ADI,955,Duronto,3,13,3,0,0,0
PNBE,NDLS,998,Superfast,2,18,6,1,1,73
SBC,HWH,805,Superfast,2,20,6,1,1,93
ADI,JAT,1084,Superfast,2,5,6,0,0,0
JAT,HYB,720,Duronto,3,15,1,0,0,0
CNB,MAS,1494,Express,1,5,5,0,1,95
HWH,JAT,532,Duronto,3,7,5,0,1,29
MAS,PNBE,1028,Superfast,2,18,2,1,0,0
ADI,MMCT,1313,Rajdhani,4,20,4,1,0,0
MAO,CNB,495,Superfast,2,6,4,0,1,66
MMCT,JAT,1131,Superfast,2,13,0,0,0,0
CSMT,CNB,760,Duronto,3,18,3,1,1,57
CSMT,HWH,719,Express,1,15,2,0,0,0
JAT,CSMT,991,Superfast,2,0,3,0,0,0
MAS,SBC,362,Superfast,2,5,3,0,0,0
MMCT,CSMT,1238,Superfast,2,12,3,0,1,75
ADI,PNBE,359,Rajdhani,4,6,5,0,0,0
HWH,NDLS,1447,Express,1,16,1,0,1,81
NDLS,JAT,580,Superfast,2,7,1,0,1,65
CNB,HWH,1007,Rajdhani,4,12,4,0,0,0
MAO,MAS,692,Rajdhani,4,1,2,0,0,0
MAS,ADI,1415,Superfast,2,10,3,1,1,87
JAT,CSMT,1051,Passenger,0,15,2,0,1,100
SBC,CSMT,1176,Rajdhani,4,7,5,0,0,0
CSMT,SBC,394,Superfast,2,5,0,0,1,51
HWH,JAT,426,Superfast,2,20,2,1,1,40
HYB,MAO,449,Superfast,2,1,5,0,0,0
MMCT,JAT,390,Rajdhani,4,3,3,0,0,0
ADI,PNBE,603,Superfast,2,15,5,0,1,64
CSMT,SBC,369,Duronto,3,21,0,1,0,0
JAT,HYB,902,Superfast,2,22,1,0,1,54
PNBE,MMCT,1397,Superfast,2,3,2,0,1,90
MMCT,CNB,1369,Rajdhani,4,6,6,0,1,80
MAS,HYB,763,Superfast,2,13,2,0,0,0
CSMT,NDLS,1384,Superfast,2,6,5,0,0,0
ADI,HWH,830,Rajdhani,4,21,0,1,0,0
MMCT,MAO,580,Rajdhani,4,2,6,0,0,0
HYB,MMCT,557,Express,1,20,1,1,0,0
ADI,MAS,890,Superfast,2,3,6,0,1,81
CSMT,NDLS,1384,Superfast,2,21,2,1,1,79
PNBE,MMCT,544,Express,1,1,0,0,1,63
CSMT,JAT,699,Duronto,3,14,4,0,0,0
MAS,MMCT,1113,Express,1,5,0,0,1,85
PNBE,CNB,1284,Duronto,3,12,5,0,0,0
ADI,PNBE,691,Rajdhani,4,22,5,0,1,36
NDLS,CSMT,1384,Superfast,2,18,3,1,1,88
MAO,JAT,1247,Rajdhani,4,12,6,0,1,44
HWH,MAO,409,Express,1,23,1,0,1,59
ADI,CNB,581,Express,1,14,0,0,1,63
MMCT,MAS,993,Rajdhani,4,21,4,1,0,0
CNB,MAO,1507,Duronto,3,21,6,1,1,120
HWH,HYB,1421,Superfast,2,19,0,1,1,100
PNBE,JAT,859,Superfast,2,21,5,1,1,78
JAT,PNBE,654,Express,1,17,4,1,1,84
NDLS,CNB,440,Superfast,2,15,6,0,1,40
ADI,CSMT,503,Express,1,10,1,1,0,0
HWH,MAS,1660,Superfast,2,17,5,1,0,0
PNBE,CNB,831,Rajdhani,4,14,6,0,0,0
MAO,ADI,530,Express,1,14,2,0,0,0
MMCT,ADI,386,Rajdhani,4,13,0,0,0,0
HYB,CNB,350,Express,1,19,4,1,1,94
JAT,MAS,1391,Superfast,2,20,5,1,1,81
ADI,HWH,1094,Express,1,7,6,0,1,80
ADI,HWH,1497,Express,1,19,3,1,1,116
CNB,JAT,1094,Superfast,2,3,0,0,0,0
JAT,SBC,354,Duronto,3,20,6,1,0,0
MAS,HYB,1419,Superfast,2,3,0,0,1,86
CSMT,ADI,637,Express,1,23,5,0,0,0
PNBE,MMCT,870,Superfast,2,6,0,0,1,68
PNBE,SBC,1286,Express,1,6,5,0,1,89
HWH,MMCT,1198,Rajdhani,4,20,6,1,0,0
JAT,MAO,602,Express,1,14,3,0,0,0
JAT,MAO,1382,Rajdhani,4,15,0,0,0,0
HYB,NDLS,1483,Express,1,18,3,1,1,115
HYB,CSMT,1534,Rajdhani,4,4,0,0,0,0
PNBE,JAT,1579,Superfast,2,10,4,1,1,108
PNBE,CNB,1597,Express,1,7,2,0,0,0
PNBE,HWH,532,Superfast,2,4,1,0,0,0
PNBE,MAO,1399,Duronto,3,22,4,0,0,0
HWH,HYB,795,Duronto,3,19,5,1,0,0
MAS,JAT,1057,Express,1,4,5,0,1,91
JAT,CSMT,1381,Superfast,2,20,2,1,1,86
CNB,MMCT,1071,Superfast,2,18,4,1,1,76
JAT,PNBE,1443,Duronto,3,13,6,0,1,88
NDLS,HYB,568,Rajdhani,4,4,0,0,0,0
JAT,NDLS,580,Duronto,3,5,2,0,0,0
JAT,MAS,649,Express,1,22,6,0,1,84
MAS,SBC,362,Rajdhani,4,14,0,0,0,0
MAO,JAT,1500,Express,1,23,5,0,1,89
HYB,PNBE,836,Superfast,2,22,2,0,0,0
CNB,JAT,446,Express,1,12,3,0,1,68
JAT,HWH,1480,Rajdhani,4,23,2,0,1,64
SBC,MAO,1257,Express,1,20,5,1,0,0
CNB,JAT,1103,Express,1,17,5,1,1,96
MAO,SBC,746,Duronto,3,5,5,0,0,0
MMCT,CSMT,705,Superfast,2,3,3,0,0,0
NDLS,PNBE,998,Superfast,2,4,1,0,1,63
MAO,MAS,361,Duronto,3,22,1,0,0,0
NDLS,CSMT,1384,Superfast,2,20,4,1,1,67
JAT,MAS,1354,Express,1,17,2,1,1,132
MMCT,HWH,1426,Duronto,3,5,4,0,1,85
MMCT,HYB,676,Superfast,2,17,3,1,1,62
MMCT,HWH,803,Express,1,21,2,1,0,0
HWH,CNB,1007,Duronto,3,19,4,1,0,0
ADI,HYB,368,Rajdhani,4,11,3,1,1,29
SBC,JAT,849,Passenger,0,21,2,1,1,94
PNBE,MMCT,1140,Duronto,3,23,2,0,0,0
NDLS,HYB,1117,Superfast,2,16,3,0,0,0
ADI,NDLS,934,Express,1,6,2,0,1,62
HYB,MMCT,546,Rajdhani,4,17,4,1,1,38
NDLS,JAT,580,Duronto,3,20,6,1,0,0
SBC,JAT,1218,Express,1,6,4,0,1,82
CNB,PNBE,497,Superfast,2,4,0,0,0,0
ADI,HWH,427,Rajdhani,4,1,1,0,0,0
MAS,HYB,494,Superfast,2,7,2,0,1,54
PNBE,CNB,1273,Superfast,2,13,2,0,0,0
NDLS,PNBE,998,Superfast,2,20,5,1,1,92
MAO,MMCT,580,Rajdhani,4,2,2,0,0,0
HYB,MMCT,943,Express,1,9,4,1,1,67
MMCT,MAS,1246,Superfast,2,21,0,1,1,101
ADI,CSMT,1442,Duronto,3,23,3,0,0,0
HYB,MAS,645,Duronto,3,23,5,0,1,48
HWH,NDLS,1447,Express,1,4,0,0,0,0
NDLS,CNB,440,Superfast,2,17,4,1,1,61
MMCT,MAS,780,Superfast,2,23,2,0,0,0
SBC,PNBE,1399,Rajdhani,4,5,1,0,1,69
MAO,MAS,747,Rajdhani,4,21,6,1,0,0
MAO,NDLS,1474,Superfast,2,17,0,1,0,0
MAS,JAT,487,Duronto,3,6,5,0,0,0
MAO,ADI,1027,Superfast,2,21,5,1,0,0
SBC,MMCT,933,Superfast,2,6,2,0,0,0
ADI,CNB,1022,Superfast,2,9,5,1,1,74
MAO,CSMT,580,Superfast,2,10,3,1,1,76
CSMT,NDLS,1384,Duronto,3,7,5,0,0,0
CNB,JAT,1243,Duronto,3,11,1,1,0,0
JAT,HWH,1332,Superfast,2,11,6,1,1,96
MAS,ADI,1479,Rajdhani,4,20,4,1,0,0
MMCT,MAS,636,Express,1,6,2,0,1,58
CNB,JAT,506,Superfast,2,0,6,0,1,30
HYB,JAT,413,Express,1,18,3,1,0,0
MAO,SBC,425,Superfast,2,17,4,1,0,0
ADI,JAT,654,Superfast,2,7,6,0,1,57
MAO,MAS,624,Superfast,2,16,0,0,0,0
PNBE,HWH,532,Rajdhani,4,7,6,0,1,39
MAO,JAT,689,Express,1,4,3,0,1,61
CSMT,CNB,1509,Express,1,21,6,1,1,108
CSMT,ADI,1084,Rajdhani,4,15,1,0,0,0
MMCT,MAS,1106,Duronto,3,21,1,1,1,52
HYB,HWH,1144,Superfast,2,14,0,0,0,0
NDLS,JAT,580,Rajdhani,4,16,5,0,0,0
MAS,CNB,1535,Superfast,2,5,3,0,0,0
JAT,PNBE,1098,Superfast,2,2,4,0,1,94
MAS,PNBE,806,Superfast,2,11,6,1,0,0
HWH,ADI,1337,Express,1,0,4,0,1,84
CSMT,ADI,689,Duronto,3,16,5,0,0,0
MAS,SBC,362,Rajdhani,4,11,4,1,0,0
CNB,MMCT,821,Superfast,2,10,5,1,0,0
MMCT,ADI,1330,Superfast,2,18,1,1,1,67
JAT,PNBE,395,Duronto,3,4,4,0,1,33
MAO,CSMT,580,Superfast,2,1,4,0,0,0
CSMT,NDLS,1384,Duronto,3,5,4,0,1,69
PNBE,MAO,1504,Superfast,2,23,5,0,0,0
JAT,MAS,525,Duronto,3,19,3,1,1,68
ADI,CSMT,799,Express,1,19,1,1,1,85
MAO,CSMT,580,Duronto,3,23,5,0,0,0
HWH,ADI,1571,Superfast,2,7,3,0,0,0
PNBE,CSMT,572,Rajdhani,4,16,6,0,0,0
HYB,JAT,1209,Express,1,19,0,1,1,99
CSMT,ADI,1578,Rajdhani,4,17,4,1,1,111
MMCT,CNB,1337,Superfast,2,19,4,1,1,101
NDLS,JAT,580,Superfast,2,11,6,1,1,57
NDLS,HYB,1228,Duronto,3,15,6,0,1,67
PNBE,HWH,532,Express,1,22,4,0,1,62
MMCT,PNBE,624,Duronto,3,7,6,0,0,0
MMCT,MAS,1575,Express,1,13,2,0,1,79
SBC,NDLS,364,Superfast,2,3,4,0,1,29
NDLS,PNBE,998,Superfast,2,10,3,1,1,74
HWH,MMCT,666,Superfast,2,18,2,1,0,0
MAS,HYB,1217,Superfast,2,19,2,1,0,0
JAT,PNBE,767,Superfast,2,17,3,1,1,69
CSMT,HWH,1495,Superfast,2,8,2,1,0,0
MAO,HWH,1165,Superfast,2,21,0,1,1,94
CNB,SBC,1264,Express,1,5,0,0,1,97
SBC,HYB,625,Express,1,17,4,1,1,103
CNB,JAT,456,Rajdhani,4,20,0,1,1,51
MMCT,CSMT,1315,Express,1,13,0,0,1,87
MMCT,MAS,804,Superfast,2,19,0,1,0,0
CNB,PNBE,1170,Superfast,2,16,2,0,1,51
CNB,MAO,467,Express,1,5,5,0,1,61
ADI,CNB,371,Duronto,3,21,6,1,0,0
HYB,MAS,748,Rajdhani,4,19,4,1,0,0
HYB,SBC,625,Superfast,2,11,1,1,1,75
JAT,NDLS,580,Rajdhani,4,8,6,1,0,0
PNBE,HWH,532,Superfast,2,6,4,0,0,0
NDLS,MMCT,1384,Superfast,2,23,6,0,0,0
HYB,MAO,1062,Duronto,3,8,1,1,1,75
MAO,SBC,1281,Express,1,18,0,1,1,105
MAS,CSMT,1183,Superfast,2,17,0,1,1,104
HYB,MAS,1046,Express,1,16,2,0,0,0
HYB,MAO,862,Superfast,2,12,4,0,0,0
ADI,SBC,1045,Passenger,0,14,5,0,1,104
ADI,MAO,406,Superfast,2,8,0,1,1,52
PNBE,JAT,801,Superfast,2,7,6,0,1,49
HWH,PNBE,532,Superfast,2,0,5,0,1,70
MAS,SBC,362,Rajdhani,4,21,5,1,1,51
HWH,MMCT,1485,Express,1,15,2,0,1,87
HWH,SBC,1524,Duronto,3,23,5,0,0,0
SBC,ADI,758,Duronto,3,7,6,0,0,0
MAS,SBC,362,Duronto,3,7,6,0,0,0
MAO,HWH,669,Express,1,3,0,0,1,56
JAT,CNB,1358,Superfast,2,17,0,1,1,87
ADI,HWH,995,Superfast,2,18,6,1,1,83
MAS,ADI,724,Passenger,0,16,2,0,1,76
PNBE,SBC,1531,Rajdhani,4,16,6,0,1,71
PNBE,ADI,1457,Rajdhani,4,11,3,1,1,107
JAT,CSMT,1286,Passenger,0,22,4,0,1,113
ADI,HWH,367,Rajdhani,4,6,3,0,0,0
MAO,MMCT,580,Superfast,2,8,1,1,1,85
HYB,MAS,835,Duronto,3,19,2,1,1,53
HWH,CSMT,1371,Superfast,2,13,5,0,0,0
HWH,CNB,1007,Duronto,3,5,4,0,1,39
CSMT,MAO,580,Express,1,23,2,0,1,58
SBC,HYB,625,Express,1,6,1,0,0,0
CNB,CSMT,1318,Express,1,5,3,0,0,0
ADI,CSMT,1408,Superfast,2,10,6,1,1,113
ADI,MAS,863,Superfast,2,18,0,1,1,92
PNBE,MMCT,684,Rajdhani,4,8,3,1,1,78
JAT,MMCT,1271,Superfast,2,8,2,1,1,95
HWH,HYB,1491,Express,1,8,2,1,1,94
NDLS,PNBE,998,Superfast,2,21,4,1,1,85
SBC,MAO,1529,Superfast,2,17,1,1,1,90
MAS,HWH,1660,Superfast,2,15,6,0,1,75
CNB,ADI,510,Superfast,2,9,3,1,1,74
JAT,CSMT,693,Superfast,2,10,3,1,0,0
JAT,MAO,1520,Superfast,2,2,0,0,0,0
CSMT,HWH,817,Duronto,3,20,2,1,0,0
CNB,MAS,1589,Superfast,2,8,3,1,1,104
HWH,MAO,1416,Passenger,0,13,1,0,1,116
CSMT,NDLS,1384,Superfast,2,21,2,1,1,76
CNB,MMCT,781,Rajdhani,4,3,0,0,0,0
MMCT,ADI,1473,Rajdhani,4,12,4,0,1,64
MMCT,CNB,887,Superfast,2,2,5,0,0,0
PNBE,MAS,819,Duronto,3,9,3,1,0,0
JAT,CSMT,618,Superfast,2,5,0,0,0,0
NDLS,JAT,580,Express,1,10,6,1,1,93
ADI,CNB,1457,Express,1,17,3,1,1,119
CSMT,HYB,712,Superfast,2,14,5,0,1,14
CNB,JAT,1505,Superfast,2,20,5,1,1,99
HYB,MAS,1061,Superfast,2,7,6,0,1,72
MMCT,ADI,980,Superfast,2,8,1,1,0,0
MAS,NDLS,350,Superfast,2,4,2,0,0,0
MAS,ADI,1445,Rajdhani,4,15,6,0,0,0
ADI,MAS,368,Express,1,9,4,1,1,54
SBC,NDLS,1472,Superfast,2,13,4,0,1,87
PNBE,CNB,861,Rajdhani,4,23,5,0,1,37
PNBE,CNB,801,Duronto,3,13,5,0,0,0
SBC,HYB,625,Duronto,3,23,4,0,0,0
MAS,PNBE,735,Express,1,5,1,0,1,59
MAS,MMCT,1282,Superfast,2,8,5,1,0,0
MAO,ADI,734,Duronto,3,4,0,0,0,0
HYB,NDLS,730,Passenger,0,9,2,1,1,94
CSMT,ADI,366,Duronto,3,4,0,0,0,0
ADI,SBC,1050,Superfast,2,15,2,0,0,0
ADI,NDLS,934,Rajdhani,4,4,0,0,0,0
MAS,PNBE,496,Superfast,2,5,1,0,0,0
MAS,PNBE,375,Rajdhani,4,22,1,0,0,0
PNBE,ADI,856,Superfast,2,1,1,0,0,0
ADI,MMCT,1417,Superfast,2,6,3,0,0,0
PNBE,JAT,989,Express,1,5,5,0,1,68
CNB,NDLS,440,Superfast,2,8,3,1,0,0
JAT,MAS,756,Superfast,2,1,6,0,0,0
JAT,SBC,581,Duronto,3,13,2,0,0,0
NDLS,CSMT,1384,Superfast,2,12,6,0,0,0
SBC,NDLS,436,Superfast,2,22,3,0,1,53
CNB,MAO,667,Superfast,2,2,1,0,1,61
CSMT,ADI,537,Superfast,2,10,6,1,0,0
JAT,NDLS,580,Superfast,2,4,5,0,0,0
HYB,MMCT,607,Superfast,2,10,4,1,1,76
JAT,HWH,1248,Superfast,2,0,5,0,0,0
PNBE,HWH,532,Duronto,3,1,3,0,0,0
CNB,ADI,1494,Duronto,3,22,3,0,1,78
SBC,MAO,732,Superfast,2,10,5,1,1,78
ADI,MAS,1576,Express,1,17,1,1,1,112
MMCT,HYB,667,Superfast,2,8,4,1,1,63
HWH,ADI,351,Express,1,16,3,0,0,0
CNB,CSMT,388,Superfast,2,11,6,1,1,48
MAO,SBC,1006,Superfast,2,21,4,1,0,0
PNBE,SBC,1423,Superfast,2,17,1,1,1,100
MAO,MAS,1010,Superfast,2,10,0,1,0,0
MMCT,HYB,486,Rajdhani,4,4,1,0,0,0
NDLS,SBC,569,Superfast,2,3,0,0,1,44
MAO,JAT,1145,Superfast,2,16,4,0,0,0
CNB,MAO,874,Rajdhani,4,7,4,0,0,0
CNB,MMCT,376,Express,1,6,5,0,1,79
ADI,MMCT,1308,Express,1,1,2,0,1,100
HYB,PNBE,1105,Express,1,1,6,0,1,97
MAO,MAS,1433,Rajdhani,4,2,6,0,0,0
MAS,MMCT,792,Passenger,0,3,0,0,1,74
CNB,SBC,1438,Superfast,2,6,4,0,1,73
JAT,SBC,1517,Superfast,2,5,4,0,1,74
CNB,HYB,1200,Superfast,2,20,4,1,0,0
HWH,JAT,1289,Superfast,2,13,0,0,1,64
CSMT,CNB,1476,Superfast,2,10,5,1,1,86
CSMT,HYB,1578,Superfast,2,11,2,1,1,86
HYB,HWH,1111,Superfast,2,20,3,1,1,75
CNB,HWH,1007,Duronto,3,17,1,1,0,0
PNBE,HYB,870,Superfast,2,14,3,0,0,0
PNBE,NDLS,998,Passenger,0,19,0,1,1,112
HYB,CSMT,968,Rajdhani,4,7,1,0,1,56
HWH,NDLS,1447,Express,1,16,4,0,1,109
MAO,CNB,666,Rajdhani,4,14,2,0,0,0
CSMT,CNB,892,Superfast,2,18,1,1,1,84
SBC,MAS,362,Rajdhani,4,12,4,0,0,0
SBC,MMCT,1014,Express,1,5,3,0,1,84
CNB,MAO,545,Superfast,2,9,0,1,0,0
CNB,MAO,1131,Rajdhani,4,1,6,0,0,0
HWH,CNB,1007,Superfast,2,3,6,0,1,62
SBC,JAT,1583,Express,1,20,6,1,1,111
JAT,PNBE,460,Duronto,3,1,2,0,0,0
HYB,MAO,656,Duronto,3,22,1,0,0,0
CSMT,NDLS,1384,Passenger,0,19,4,1,1,119
HYB,MMCT,804,Superfast,2,12,1,0,1,69
CSMT,HWH,519,Superfast,2,23,0,0,1,44
HYB,PNBE,887,Rajdhani,4,16,3,0,0,0
CNB,CSMT,626,Superfast,2,6,3,0,1,47
PNBE,JAT,1520,Rajdhani,4,19,5,1,1,89
HYB,SBC,625,Rajdhani,4,13,2,0,1,34
JAT,MAO,533,Rajdhani,4,13,3,0,0,0
HWH,CNB,1007,Duronto,3,19,5,1,0,0
NDLS,MAS,696,Passenger,0,19,6,1,1,105
ADI,MAO,648,Superfast,2,7,1,0,0,0
JAT,HWH,669,Express,1,2,0,0,1,78
CNB,NDLS,440,Express,1,4,6,0,1,71
MAS,NDLS,1053,Superfast,2,3,2,0,1,67
ADI,CNB,396,Duronto,3,23,4,0,0,0
SBC,CNB,1469,Superfast,2,8,4,1,1,103
ADI,MAO,639,Superfast,2,21,0,1,0,0
PNBE,MAO,1428,Rajdhani,4,5,0,0,0,0
MAS,SBC,362,Rajdhani,4,20,0,1,1,43
MMCT,PNBE,905,Superfast,2,21,2,1,1,83
MMCT,NDLS,1384,Express,1,20,3,1,1,99
SBC,PNBE,1391,Passenger,0,3,2,0,1,98
ADI,MAO,1438,Rajdhani,4,6,4,0,0,0
ADI,HYB,394,Rajdhani,4,16,2,0,0,0
HWH,ADI,1155,Superfast,2,0,2,0,1,66
JAT,HWH,1077,Superfast,2,7,4,0,1,73
MAS,NDLS,877,Express,1,0,4,0,0,0
MAS,SBC,362,Duronto,3,12,5,0,1,50
CSMT,MMCT,1132,Superfast,2,21,4,1,1,70
JAT,CNB,815,Superfast,2,18,1,1,1,89
PNBE,MAS,1589,Duronto,3,17,1,1,0,0
SBC,JAT,633,Superfast,2,21,6,1,1,55
SBC,CSMT,982,Superfast,2,16,1,0,0,0
PNBE,CSMT,1506,Express,1,10,0,1,1,99
HYB,CNB,592,Rajdhani,4,4,5,0,0,0
NDLS,HWH,1447,Passenger,0,9,3,1,1,125
CNB,JAT,910,Rajdhani,4,6,0,0,0,0
CSMT,CNB,403,Express,1,19,4,1,1,63
MAS,MAO,1511,Superfast,2,19,1,1,0,0
SBC,JAT,403,Superfast,2,22,6,0,1,48
ADI,CSMT,1378,Express,1,15,5,0,1,82
JAT,HWH,726,Express,1,15,3,0,1,73
CSMT,CNB,745,Duronto,3,13,6,0,0,0
NDLS,MAS,1195,Duronto,3,21,1,1,1,72
SBC,MMCT,712,Express,1,14,6,0,1,76
MAO,ADI,1015,Express,1,7,3,0,1,57
PNBE,NDLS,998,Superfast,2,12,5,0,1,77
HWH,PNBE,532,Superfast,2,16,5,0,0,0
CNB,NDLS,440,Rajdhani,4,14,6,0,0,0
NDLS,SBC,1412,Superfast,2,23,0,0,0,0
HYB,PNBE,1407,Express,1,1,1,0,1,81
MAS,ADI,1165,Express,1,9,3,1,1,94
CSMT,PNBE,952,Superfast,2,1,5,0,0,0
HYB,CSMT,1299,Express,1,14,0,0,1,71
CNB,HYB,581,Rajdhani,4,18,5,1,0,0
HYB,CSMT,1155,Superfast,2,14,0,0,0,0
CSMT,ADI,1558,Express,1,6,3,0,1,106
MMCT,MAS,1013,Superfast,2,22,6,0,0,0
CSMT,MMCT,536,Rajdhani,4,14,5,0,0,0
HWH,MMCT,1422,Superfast,2,23,6,0,1,92
HYB,MAO,677,Superfast,2,12,0,0,1,72
CSMT,HWH,1508,Express,1,4,1,0,1,94
CSMT,CNB,455,Superfast,2,9,5,1,0,0
ADI,MAS,720,Rajdhani,4,4,1,0,0,0
NDLS,MAO,868,Rajdhani,4,15,6,0,1,44
ADI,HYB,361,Superfast,2,15,1,0,0,0
SBC,MAO,1324,Superfast,2,14,0,0,0,0
MAO,CNB,363,Duronto,3,17,2,1,1,61
MAO,JAT,1491,Express,1,6,0,0,1,77
CSMT,CNB,462,Superfast,2,1,1,0,0,0
NDLS,JAT,580,Express,1,9,2,1,0,0
MMCT,NDLS,1384,Superfast,2,5,1,0,1,62
JAT,MAS,1568,Superfast,2,17,1,1,1,115
ADI,MAO,1087,Express,1,2,6,0,1,100
MAS,HWH,1660,Express,1,2,6,0,1,107
PNBE,HYB,482,Duronto,3,4,0,0,0,0
CNB,MAS,1024,Superfast,2,16,1,0,0,0
CNB,SBC,469,Rajdhani,4,23,5,0,0,0
HYB,MMCT,1340,Superfast,2,19,6,1,0,0
CNB,MAS,1224,Superfast,2,10,2,1,1,90
HYB,MAO,1074,Express,1,19,4,1,1,100
ADI,HYB,1369,Superfast,2,5,4,0,1,80
SBC,MAS,362,Rajdhani,4,0,3,0,0,0
JAT,MMCT,774,Express,1,13,3,0,1,64
NDLS,HWH,1447,Superfast,2,20,1,1,1,93
NDLS,JAT,580,Superfast,2,8,6,1,1,70
MMCT,MAS,964,Superfast,2,10,6,1,1,85
NDLS,MMCT,1384,Duronto,3,23,4,0,0,0
MAO,NDLS,709,Rajdhani,4,10,5,1,1,48
ADI,CNB,422,Superfast,2,15,1,0,1,54
JAT,ADI,1449,Express,1,14,6,0,1,86
PNBE,NDLS,998,Duronto,3,23,5,0,1,41
HWH,HYB,1447,Rajdhani,4,18,5,1,0,0
HWH,CNB,1007,Passenger,0,8,6,1,1,98
NDLS,HWH,1447,Superfast,2,5,4,0,1,82
MAO,PNBE,733,Superfast,2,9,5,1,1,57
HWH,NDLS,1447,Superfast,2,15,1,0,0,0
HWH,ADI,969,Duronto,3,9,1,1,0,0
MMCT,HWH,426,Express,1,2,3,0,0,0
HYB,NDLS,1338,Express,1,4,1,0,1,93
HWH,ADI,1422,Duronto,3,10,1,1,1,87
MMCT,HYB,621,Duronto,3,1,3,0,0,0
PNBE,HYB,587,Rajdhani,4,1,5,0,0,0
MAO,MMCT,580,Superfast,2,1,0,0,1,49
HYB,JAT,989,Rajdhani,4,9,5,1,0,0
SBC,HWH,760,Rajdhani,4,8,4,1,1,48
HWH,ADI,590,Duronto,3,5,2,0,1,53
MMCT,NDLS,1384,Superfast,2,6,4,0,0,0
HWH,HYB,1002,Duronto,3,22,6,0,0,0
MAS,MAO,851,Rajdhani,4,9,4,1,0,0
HWH,HYB,1258,Rajdhani,4,0,3,0,0,0
JAT,NDLS,580,Superfast,2,2,3,0,0,0
PNBE,CSMT,1570,Express,1,20,6,1,1,106
CNB,ADI,1078,Duronto,3,6,5,0,0,0
JAT,HYB,510,Passenger,0,14,4,0,0,0
CSMT,MMCT,1309,Rajdhani,4,9,5,1,1,54
JAT,ADI,1313,Duronto,3,7,1,0,0,0
MAO,MAS,1094,Superfast,2,22,5,0,0,0
HWH,CNB,1007,Superfast,2,2,3,0,0,0
MMCT,HWH,1330,Superfast,2,5,2,0,0,0
HWH,MAO,1526,Rajdhani,4,3,3,0,1,68
CNB,MMCT,1017,Superfast,2,2,6,0,0,0
MAS,HYB,1294,Superfast,2,13,1,0,0,0
MAO,SBC,1472,Rajdhani,4,15,3,0,0,0
MMCT,HWH,776,Express,1,18,3,1,1,95
PNBE,MAO,1050,Superfast,2,7,1,0,0,0
JAT,CNB,509,Superfast,2,22,4,0,1,55
ADI,MMCT,1562,Superfast,2,10,4,1,1,107
MMCT,ADI,710,Duronto,3,12,0,0,0,0
MAO,MMCT,580,Express,1,12,2,0,1,47
ADI,JAT,475,Rajdhani,4,4,4,0,0,0
JAT,NDLS,580,Superfast,2,14,4,0,1,71
MAS,PNBE,1533,Superfast,2,6,5,0,0,0
HWH,MAS,1660,Express,1,21,2,1,0,0
PNBE,HWH,532,Superfast,2,19,4,1,1,75
PNBE,CSMT,952,Rajdhani,4,17,0,1,1,58
NDLS,HYB,1085,Rajdhani,4,9,6,1,1,73
NDLS,SBC,1234,Superfast,2,12,5,0,0,0
HWH,PNBE,532,Superfast,2,17,1,1,0,0
JAT,CSMT,1322,Rajdhani,4,17,3,1,1,70
HWH,PNBE,532,Duronto,3,21,1,1,0,0
CSMT,NDLS,1384,Superfast,2,4,5,0,1,56
ADI,JAT,1244,Passenger,0,4,0,0,1,87
CSMT,JAT,1201,Express,1,22,4,0,1,81
PNBE,MAO,718,Superfast,2,13,4,0,1,51
ADI,PNBE,1077,Duronto,3,13,4,0,1,55
NDLS,MAO,1370,Express,1,7,5,0,1,90
HYB,MAS,1191,Express,1,18,2,1,1,116
NDLS,CNB,440,Superfast,2,11,0,1,1,65
MAO,ADI,513,Rajdhani,4,23,4,0,1,23
MAS,ADI,1408,Rajdhani,4,19,0,1,0,0
SBC,ADI,509,Superfast,2,17,6,1,1,55
MAO,MAS,458,Express,1,17,6,1,1,50
NDLS,ADI,934,Superfast,2,15,4,0,0,0
CNB,HWH,1007,Superfast,2,9,2,1,0,0
CSMT,NDLS,1384,Superfast,2,23,6,0,0,0
MAO,MAS,475,Superfast,2,18,1,1,0,0
MAO,NDLS,947,Express,1,19,0,1,1,103
MAS,ADI,518,Rajdhani,4,2,6,0,0,0
MAS,CNB,621,Superfast,2,8,6,1,1,63
MAS,NDLS,578,Superfast,2,18,5,1,0,0
CSMT,JAT,1264,Superfast,2,5,2,0,0,0
CNB,SBC,1343,Rajdhani,4,16,6,0,0,0
NDLS,HWH,1447,Passenger,0,19,6,1,0,0
CSMT,ADI,1195,Express,1,7,5,0,1,108
ADI,JAT,692,Duronto,3,23,6,0,0,0
HWH,NDLS,1447,Express,1,3,0,0,1,101
CSMT,ADI,1166,Superfast,2,15,5,0,1,55
HYB,SBC,625,Superfast,2,12,3,0,1,57
MAS,CSMT,1436,Express,1,0,2,0,0,0
ADI,PNBE,996,Passenger,0,21,0,1,1,96
MMCT,HYB,1074,Passenger,0,13,4,0,1,90
JAT,MAS,1036,Duronto,3,3,2,0,1,73
JAT,MAO,1151,Superfast,2,21,5,1,0,0
SBC,JAT,1555,Express,1,16,2,0,1,84
JAT,CSMT,991,Superfast,2,21,0,1,1,76
MMCT,NDLS,1384,Rajdhani,4,3,5,0,0,0
ADI,HWH,799,Superfast,2,8,1,1,0,0
NDLS,CNB,440,Rajdhani,4,19,5,1,0,0
SBC,MAO,599,Superfast,2,3,0,0,1,62
MAO,CSMT,580,Superfast,2,20,4,1,1,56
CSMT,MMCT,727,Duronto,3,14,5,0,0,0
MMCT,JAT,1278,Express,1,8,6,1,1,114
PNBE,JAT,1012,Duronto,3,2,2,0,0,0
NDLS,PNBE,998,Duronto,3,1,2,0,0,0
MAS,CSMT,1252,Rajdhani,4,6,4,0,0,0
PNBE,CSMT,1357,Rajdhani,4,17,6,1,1,82
PNBE,SBC,567,Express,1,22,2,0,0,0
MMCT,NDLS,1384,Rajdhani,4,23,2,0,0,0
ADI,NDLS,934,Rajdhani,4,20,0,1,1,68
NDLS,JAT,580,Duronto,3,22,2,0,0,0
PNBE,MAO,357,Superfast,2,15,3,0,1,49
PNBE,CNB,493,Superfast,2,0,3,0,1,46
CNB,ADI,598,Superfast,2,11,2,1,0,0
JAT,MAS,1170,Rajdhani,4,20,0,1,1,70
HWH,HYB,1046,Rajdhani,4,14,6,0,0,0
MAS,JAT,765,Rajdhani,4,1,3,0,1,40
JAT,SBC,962,Superfast,2,3,5,0,0,0
CNB,HWH,1007,Rajdhani,4,20,3,1,0,0
CNB,SBC,636,Rajdhani,4,0,5,0,1,52
MAO,SBC,1351,Superfast,2,17,5,1,1,92
MAS,ADI,1443,Passenger,0,14,0,0,0,0
NDLS,HWH,1447,Duronto,3,23,0,0,0,0
PNBE,MMCT,783,Express,1,21,4,1,1,91
ADI,JAT,1448,Rajdhani,4,18,1,1,0,0
MMCT,NDLS,1384,Superfast,2,0,3,0,0,0
MAO,NDLS,847,Superfast,2,4,0,0,1,66
CSMT,JAT,452,Express,1,3,3,0,0,0
MAO,CSMT,580,Rajdhani,4,3,0,0,0,0
ADI,MAO,801,Rajdhani,4,6,3,0,0,0
HWH,JAT,1173,Duronto,3,21,4,1,1,90
HYB,CSMT,1008,Express,1,6,6,0,0,0
NDLS,MAO,705,Duronto,3,3,2,0,0,0
CSMT,PNBE,694,Superfast,2,17,1,1,1,57
ADI,SBC,1541,Rajdhani,4,3,6,0,0,0
JAT,MAO,1120,Express,1,0,3,0,1,47
MMCT,NDLS,1384,Rajdhani,4,2,5,0,0,0
JAT,MAO,931,Superfast,2,15,5,0,0,0
CSMT,SBC,643,Superfast,2,16,3,0,0,0
PNBE,SBC,707,Superfast,2,1,4,0,0,0
CSMT,ADI,530,Superfast,2,9,2,1,1,52
PNBE,NDLS,998,Duronto,3,3,4,0,0,0
MMCT,MAO,580,Express,1,17,4,1,0,0
SBC,ADI,776,Duronto,3,6,0,0,1,38
CSMT,JAT,1321,Superfast,2,5,5,0,1,68
NDLS,CNB,440,Duronto,3,13,2,0,1,38
HWH,MAO,1278,Rajdhani,4,23,0,0,0,0
HYB,CSMT,673,Express,1,15,4,0,1,79
MMCT,CNB,831,Superfast,2,18,4,1,1,85
HWH,PNBE,532,Superfast,2,10,1,1,1,76
MMCT,HWH,816,Rajdhani,4,23,3,0,0,0
SBC,PNBE,801,Rajdhani,4,18,3,1,0,0
NDLS,PNBE,998,Duronto,3,19,3,1,0,0
CSMT,PNBE,1114,Rajdhani,4,23,1,0,1,46
JAT,HWH,902,Duronto,3,4,0,0,1,61
CNB,MAO,472,Duronto,3,3,6,0,1,71
ADI,CNB,1206,Rajdhani,4,10,1,1,0,0
MAS,MAO,671,Express,1,20,4,1,1,90
CSMT,MAO,580,Express,1,2,3,0,1,70
HYB,ADI,793,Superfast,2,14,2,0,1,57
NDLS,PNBE,998,Duronto,3,13,4,0,1,52
SBC,MAO,655,Express,1,0,3,0,1,52
NDLS,CNB,440,Superfast,2,16,0,0,0,0
PNBE,HYB,1157,Superfast,2,22,6,0,0,0
MMCT,ADI,1364,Duronto,3,17,6,1,1,68
NDLS,PNBE,998,Rajdhani,4,9,1,1,0,0
JAT,MMCT,382,Superfast,2,9,1,1,1,53
CNB,ADI,1518,Superfast,2,0,3,0,0,0
ADI,CSMT,1180,Rajdhani,4,11,5,1,1,89
ADI,JAT,352,Express,1,2,3,0,0,0
CNB,HWH,1007,Rajdhani,4,13,6,0,1,28
MAS,MAO,1460,Superfast,2,6,6,0,1,84
JAT,MMCT,1037,Superfast,2,1,4,0,1,59
JAT,HWH,455,Rajdhani,4,11,3,1,0,0
MAO,NDLS,1098,Superfast,2,20,4,1,1,78
CNB,MMCT,1498,Superfast,2,6,1,0,1,83
HWH,SBC,1455,Rajdhani,4,15,5,0,0,0
MAO,SBC,811,Duronto,3,8,4,1,1,70
JAT,PNBE,917,Rajdhani,4,11,2,1,0,0
ADI,CNB,1376,Superfast,2,3,3,0,0,0
CNB,HYB,1441,Express,1,14,4,0,1,109
HWH,JAT,484,Rajdhani,4,14,0,0,0,0
MMCT,PNBE,716,Duronto,3,2,0,0,0,0
CSMT,MAS,579,Superfast,2,15,1,0,0,0
SBC,HYB,625,Duronto,3,21,4,1,1,65
CSMT,ADI,1060,Superfast,2,23,5,0,1,52
NDLS,MAS,737,Rajdhani,4,7,6,0,0,0
HYB,JAT,1037,Superfast,2,10,5,1,1,84
JAT,HWH,1345,Superfast,2,22,4,0,0,0
HYB,ADI,1287,Duronto,3,4,6,0,0,0
MAS,CSMT,882,Duronto,3,11,2,1,1,86
NDLS,CSMT,1384,Duronto,3,5,4,0,0,0
CSMT,HYB,934,Rajdhani,4,5,6,0,0,0
CNB,JAT,664,Rajdhani,4,3,0,0,1,51
HWH,MAO,609,Superfast,2,11,1,1,0,0
SBC,HYB,625,Superfast,2,11,1,1,1,77
HWH,ADI,1455,Passenger,0,17,2,1,1,122
MMCT,NDLS,1384,Express,1,4,3,0,1,99
HWH,CSMT,358,Passenger,0,17,4,1,1,89
HWH,JAT,955,Superfast,2,9,6,1,0,0
MAO,JAT,651,Express,1,23,3,0,0,0
HWH,MMCT,1330,Express,1,4,5,0,0,0
HYB,MMCT,980,Rajdhani,4,19,6,1,1,63
SBC,ADI,1081,Rajdhani,4,1,4,0,0,0
JAT,SBC,1544,Superfast,2,8,1,1,1,80
NDLS,MMCT,1384,Express,1,21,5,1,1,79
MMCT,HYB,1157,Rajdhani,4,10,4,1,1,71
MAO,HYB,464,Express,1,11,3,1,0,0
CSMT,PNBE,1107,Superfast,2,0,2,0,1,65
HWH,CNB,1007,Passenger,0,17,0,1,1,130
SBC,ADI,1201,Express,1,9,1,1,0,0
CNB,PNBE,1198,Rajdhani,4,18,4,1,0,0
MMCT,CSMT,775,Duronto,3,16,2,0,1,49
MMCT,MAO,580,Rajdhani,4,13,5,0,1,58
MAS,PNBE,708,Superfast,2,22,4,0,0,0
CSMT,SBC,730,Express,1,9,4,1,1,88
ADI,NDLS,934,Express,1,9,3,1,1,93
HYB,ADI,809,Rajdhani,4,0,1,0,0,0
MAS,CNB,1317,Rajdhani,4,21,2,1,0,0
PNBE,CSMT,1357,Express,1,20,1,1,1,98
NDLS,MMCT,1384,Superfast,2,2,4,0,1,81
CNB,HWH,1007,Superfast,2,13,6,0,1,72
MAS,JAT,1324,Passenger,0,3,2,0,0,0
HYB,MAO,385,Express,1,5,4,0,1,50
NDLS,CSMT,1384,Superfast,2,22,1,0,1,67
HWH,CSMT,458,Duronto,3,13,5,0,0,0
HWH,NDLS,1447,Duronto,3,20,0,1,1,71
HYB,SBC,625,Express,1,19,6,1,1,91
CSMT,HYB,1010,Express,1,21,6,1,1,89
MAS,CNB,1092,Rajdhani,4,18,2,1,0,0
CSMT,NDLS,1384,Superfast,2,11,6,1,1,81
ADI,PNBE,1046,Express,1,5,0,0,0,0
SBC,CSMT,1380,Duronto,3,6,6,0,1,53
HYB,MAO,1426,Express,1,22,4,0,0,0
CNB,MMCT,1204,Superfast,2,2,0,0,1,78
CSMT,NDLS,1384,Duronto,3,22,2,0,0,0
CSMT,ADI,1573,Superfast,2,10,1,1,0,0
CNB,MAS,408,Superfast,2,3,1,0,1,53
CSMT,CNB,814,Duronto,3,6,1,0,0,0
MMCT,PNBE,578,Rajdhani,4,15,6,0,0,0
PNBE,NDLS,998,Rajdhani,4,21,4,1,0,0
MAO,NDLS,1310,Rajdhani,4,8,0,1,1,86
MMCT,MAS,371,Express,1,3,4,0,1,56
SBC,MAO,759,Rajdhani,4,11,0,1,0,0
MMCT,CSMT,918,Express,1,11,2,1,1,113
CSMT,HYB,845,Superfast,2,2,0,0,0,0
MAO,NDLS,1433,Duronto,3,6,2,0,1,73
CSMT,HYB,358,Passenger,0,3,1,0,0,0
HYB,ADI,1100,Superfast,2,5,3,0,1,71
JAT,MMCT,720,Express,1,12,3,0,0,0
SBC,HYB,625,Superfast,2,10,0,1,1,79
ADI,MMCT,1414,Rajdhani,4,11,5,1,1,93
MAS,HYB,433,Rajdhani,4,15,0,0,0,0
PNBE,MAS,1285,Superfast,2,9,5,1,1,109
ADI,SBC,1484,Superfast,2,13,1,0,1,70
MMCT,ADI,1102,Rajdhani,4,21,3,1,0,0
JAT,MMCT,1161,Superfast,2,21,5,1,0,0
MMCT,CNB,643,Superfast,2,22,4,0,0,0
MMCT,CSMT,482,Superfast,2,6,2,0,1,39
SBC,MAO,1177,Rajdhani,4,13,5,0,0,0
ADI,MAS,1541,Superfast,2,20,3,1,1,102
HWH,ADI,1585,Passenger,0,15,4,0,1,135
MAS,CSMT,1281,Rajdhani,4,8,3,1,0,0
ADI,SBC,625,Rajdhani,4,23,0,0,0,0
MMCT,ADI,404,Passenger,0,12,4,0,1,100
JAT,HWH,662,Duronto,3,19,0,1,0,0
MMCT,JAT,1414,Express,1,14,1,0,1,97
MAS,JAT,1369,Superfast,2,8,4,1,1,113
HWH,HYB,1469,Rajdhani,4,1,3,0,0,0
MMCT,PNBE,1271,Duronto,3,12,3,0,0,0
ADI,NDLS,934,Rajdhani,4,21,6,1,0,0
MAS,CSMT,1356,Superfast,2,9,5,1,0,0
PNBE,ADI,574,Superfast,2,15,5,0,0,0
HYB,JAT,1454,Superfast,2,15,4,0,0,0
CSMT,HYB,464,Superfast,2,15,4,0,1,56
PNBE,MAO,1072,Express,1,9,2,1,1,88
NDLS,CNB,440,Rajdhani,4,11,2,1,0,0
CNB,MAO,405,Express,1,20,2,1,1,85
PNBE,MMCT,1226,Duronto,3,11,3,1,1,70
HWH,NDLS,1447,Duronto,3,20,2,1,0,0
MAO,MMCT,580,Express,1,3,2,0,1,57
CSMT,NDLS,1384,Duronto,3,14,5,0,0,0
PNBE,MAO,1404,Express,1,8,0,1,1,88
CNB,ADI,1554,Rajdhani,4,10,3,1,1,84
MAO,PNBE,1010,Superfast,2,15,0,0,0,0
CNB,JAT,771,Duronto,3,16,6,0,0,0
JAT,HWH,691,Superfast,2,11,3,1,1,82
SBC,ADI,504,Express,1,17,1,1,1,68
MAS,CNB,447,Duronto,3,18,3,1,0,0
SBC,MAO,538,Superfast,2,18,0,1,1,86
MAO,HWH,909,Rajdhani,4,16,3,0,0,0
PNBE,SBC,1061,Express,1,20,6,1,1,101
MAS,HYB,964,Superfast,2,17,2,1,1,96
SBC,PNBE,1173,Duronto,3,16,3,0,0,0
JAT,HYB,719,Express,1,20,5,1,1,85
HYB,CSMT,1531,Superfast,2,21,6,1,1,85
CNB,ADI,898,Express,1,17,6,1,1,94
MAO,PNBE,1509,Superfast,2,1,4,0,1,88
SBC,HWH,1297,Rajdhani,4,4,5,0,0,0
JAT,MAS,1241,Superfast,2,2,5,0,0,0
SBC,PNBE,896,Express,1,20,1,1,1,102
MAS,JAT,1581,Duronto,3,7,0,0,0,0
CSMT,SBC,406,Duronto,3,9,3,1,0,0
ADI,HYB,1243,Superfast,2,1,1,0,1,66
CSMT,MAS,629,Rajdhani,4,8,5,1,1,64
HYB,CSMT,436,Passenger,0,15,6,0,1,73
NDLS,CNB,440,Duronto,3,9,6,1,0,0
MMCT,PNBE,1094,Superfast,2,2,3,0,0,0
CNB,CSMT,833,Rajdhani,4,23,4,0,0,0
MMCT,HYB,1538,Express,1,16,2,0,1,115
ADI,MMCT,837,Superfast,2,10,2,1,0,0
MAO,PNBE,833,Express,1,6,1,0,1,72
MMCT,CSMT,788,Passenger,0,14,3,0,1,94
MAS,MAO,464,Superfast,2,11,5,1,0,0
MMCT,HWH,1467,Superfast,2,21,1,1,1,85
MAS,CSMT,1093,Superfast,2,11,6,1,0,0
MAS,NDLS,1590,Rajdhani,4,23,5,0,0,0
NDLS,JAT,580,Duronto,3,12,2,0,0,0
JAT,HWH,599,Superfast,2,7,6,0,0,0
ADI,PNBE,366,Express,1,12,2,0,1,62
MAS,MMCT,832,Duronto,3,5,3,0,0,0
JAT,HWH,1182,Express,1,8,6,1,1,90
MMCT,ADI,1314,Superfast,2,10,5,1,1,95
PNBE,MMCT,678,Superfast,2,16,0,0,1,56
HWH,PNBE,532,Superfast,2,17,5,1,0,0
HWH,ADI,406,Express,1,20,5,1,1,89
CSMT,JAT,1258,Express,1,4,0,0,1,104
PNBE,SBC,975,Duronto,3,2,0,0,0,0
CSMT,SBC,1407,Superfast,2,20,6,1,1,91
CSMT,MAO,580,Express,1,10,3,1,1,73
ADI,CSMT,883,Rajdhani,4,18,6,1,0,0
HWH,MAS,1660,Rajdhani,4,11,1,1,0,0
PNBE,CNB,1518,Duronto,3,0,4,0,1,100
JAT,MAO,818,Express,1,14,1,0,0,0
MAS,CSMT,451,Superfast,2,13,4,0,0,0
MAS,CSMT,532,Passenger,0,5,4,0,1,87
MMCT,NDLS,1384,Superfast,2,14,6,0,1,81
JAT,ADI,592,Duronto,3,6,1,0,0,0
MAS,CNB,1362,Superfast,2,13,6,0,1,81
SBC,MAO,791,Passenger,0,9,5,1,1,98
JAT,SBC,1206,Rajdhani,4,4,0,0,1,79
MAS,CNB,832,Superfast,2,7,2,0,1,62
MAO,JAT,1288,Rajdhani,4,15,1,0,1,46
HWH,PNBE,532,Superfast,2,22,3,0,0,0
CNB,MAO,874,Rajdhani,4,17,0,1,1,69
NDLS,HWH,1447,Superfast,2,11,4,1,0,0
JAT,MAO,443,Rajdhani,4,16,4,0,0,0
PNBE,MAS,1158,Superfast,2,4,4,0,1,70
NDLS,MAO,717,Duronto,3,16,3,0,0,0
HWH,ADI,620,Rajdhani,4,22,4,0,0,0
PNBE,CSMT,883,Rajdhani,4,1,1,0,0,0
ADI,MAS,1088,Express,1,9,2,1,1,90
MAO,MAS,1408,Duronto,3,5,2,0,0,0
CNB,ADI,659,Superfast,2,21,5,1,1,55
ADI,NDLS,934,Rajdhani,4,7,1,0,1,47
NDLS,ADI,934,Rajdhani,4,14,3,0,1,56
MMCT,ADI,433,Superfast,2,22,4,0,0,0
ADI,CNB,1359,Rajdhani,4,23,6,0,1,61
CSMT,MMCT,1065,Rajdhani,4,9,1,1,1,72
CSMT,HYB,908,Superfast,2,21,4,1,0,0
SBC,MAO,358,Superfast,2,18,1,1,1,62
PNBE,MMCT,854,Express,1,21,0,1,1,84
HWH,NDLS,1447,Superfast,2,21,0,1,1,92
PNBE,HWH,532,Express,1,3,6,0,1,46
HWH,CSMT,409,Rajdhani,4,22,5,0,0,0
ADI,CNB,901,Superfast,2,0,2,0,1,36
NDLS,JAT,580,Duronto,3,23,5,0,0,0
MAO,CSMT,580,Express,1,20,2,1,1,83
HWH,NDLS,1447,Superfast,2,19,3,1,0,0
MMCT,PNBE,872,Rajdhani,4,12,0,0,0,0
NDLS,SBC,683,Superfast,2,12,2,0,1,61
JAT,CNB,665,Rajdhani,4,15,6,0,0,0
PNBE,MAS,1585,Rajdhani,4,21,0,1,0,0
HWH,HYB,759,Superfast,2,12,3,0,1,47
MAS,MAO,1579,Superfast,2,13,6,0,0,0
HWH,MAO,731,Superfast,2,13,0,0,1,57
NDLS,HYB,1049,Passenger,0,21,1,1,0,0
JAT,CNB,667,Express,1,16,5,0,1,62
JAT,HYB,521,Duronto,3,13,0,0,0,0
ADI,MAS,654,Passenger,0,21,2,1,1,78
SBC,HYB,625,Duronto,3,1,4,0,1,50
MMCT,NDLS,1384,Rajdhani,4,13,3,0,0,0
MMCT,ADI,1514,Express,1,11,2,1,1,116
MAO,MMCT,580,Rajdhani,4,23,5,0,0,0
ADI,CSMT,723,Express,1,1,0,0,1,61
PNBE,MAS,992,Superfast,2,14,6,0,0,0
JAT,ADI,892,Duronto,3,5,1,0,0,0
CSMT,MMCT,1587,Duronto,3,21,0,1,0,0
PNBE,HYB,386,Rajdhani,4,3,0,0,0,0
CSMT,JAT,1327,Superfast,2,12,6,0,1,59
JAT,MAO,1346,Duronto,3,19,2,1,0,0
CNB,JAT,1158,Express,1,2,1,0,1,99
CSMT,NDLS,1384,Rajdhani,4,0,5,0,0,0
SBC,NDLS,778,Superfast,2,4,5,0,0,0
SBC,PNBE,1453,Rajdhani,4,9,6,1,0,0
ADI,CSMT,1320,Superfast,2,3,1,0,1,92
CSMT,ADI,1343,Superfast,2,14,4,0,1,67
SBC,CNB,953,Superfast,2,12,0,0,1,93
HWH,NDLS,1447,Superfast,2,22,3,0,1,75
PNBE,ADI,1535,Superfast,2,17,2,1,1,97
NDLS,ADI,934,Superfast,2,18,5,1,0,0
MAO,JAT,1349,Duronto,3,1,4,0,0,0
NDLS,PNBE,998,Duronto,3,2,2,0,0,0
JAT,PNBE,1319,Rajdhani,4,19,5,1,1,90
HWH,ADI,1243,Rajdhani,4,9,5,1,0,0
SBC,ADI,1054,Superfast,2,16,1,0,0,0
MAO,JAT,1044,Express,1,22,5,0,0,0
ADI,CSMT,950,Superfast,2,12,3,0,1,66
JAT,CNB,1087,Express,1,5,4,0,1,73
SBC,MAS,362,Superfast,2,4,1,0,1,61
SBC,CSMT,1590,Superfast,2,13,3,0,1,85
MAS,SBC,362,Superfast,2,0,2,0,1,30
MAS,HWH,1660,Rajdhani,4,16,0,0,0,0
MMCT,HWH,1231,Rajdhani,4,7,0,0,1,77
HYB,SBC,625,Duronto,3,10,6,1,0,0
HWH,NDLS,1447,Duronto,3,4,6,0,0,0
CNB,HYB,1587,Superfast,2,22,0,0,0,0
ADI,CNB,577,Passenger,0,19,4,1,1,109
MMCT,HYB,435,Superfast,2,5,5,0,1,53
MMCT,SBC,1090,Rajdhani,4,9,5,1,1,72
ADI,HYB,1370,Superfast,2,3,1,0,1,85
JAT,HWH,1035,Express,1,3,6,0,0,0
SBC,ADI,1201,Express,1,0,1,0,0,0
ADI,HWH,937,Superfast,2,2,2,0,0,0
HWH,PNBE,532,Superfast,2,7,1,0,0,0
HYB,PNBE,817,Rajdhani,4,13,3,0,0,0
PNBE,ADI,1407,Express,1,11,0,1,1,90
ADI,CSMT,370,Superfast,2,16,0,0,0,0
MMCT,HWH,994,Superfast,2,5,3,0,0,0
NDLS,PNBE,998,Superfast,2,20,1,1,0,0
MAO,NDLS,1414,Passenger,0,13,3,0,1,90
JAT,HYB,973,Superfast,2,10,2,1,0,0
NDLS,MAS,1430,Superfast,2,4,5,0,1,82
PNBE,ADI,770,Express,1,19,6,1,1,70
MAO,JAT,1255,Superfast,2,20,3,1,1,75
SBC,MAS,362,Rajdhani,4,10,3,1,1,62
CNB,CSMT,1415,Passenger,0,9,1,1,1,131
MMCT,HYB,1480,Duronto,3,10,6,1,0,0
JAT,CSMT,397,Rajdhani,4,17,4,1,0,0
MAS,SBC,362,Superfast,2,16,0,0,0,0
CNB,NDLS,440,Duronto,3,16,2,0,0,0
MMCT,NDLS,1384,Superfast,2,18,5,1,1,78
NDLS,ADI,934,Passenger,0,23,4,0,1,97
MAO,JAT,1442,Express,1,7,2,0,1,91
MAS,CNB,1523,Superfast,2,22,3,0,0,0
HYB,SBC,625,Duronto,3,18,1,1,0,0
HWH,ADI,550,Rajdhani,4,13,6,0,1,53
PNBE,MMCT,538,Rajdhani,4,4,3,0,0,0
SBC,ADI,509,Superfast,2,16,3,0,1,45
MAO,HYB,1412,Express,1,8,4,1,1,105
ADI,JAT,1217,Passenger,0,22,3,0,1,114
CNB,PNBE,683,Rajdhani,4,4,3,0,1,60
CNB,ADI,614,Passenger,0,16,6,0,1,105
HYB,MMCT,785,Superfast,2,1,5,0,0,0
CSMT,HYB,1106,Express,1,3,4,0,1,97
PNBE,MMCT,597,Superfast,2,9,0,1,1,72
HYB,CSMT,591,Superfast,2,11,2,1,1,78
MAS,ADI,407,Express,1,4,6,0,1,63
MAO,PNBE,449,Express,1,9,2,1,1,67
SBC,CSMT,1351,Rajdhani,4,17,2,1,0,0
MMCT,NDLS,1384,Superfast,2,9,4,1,1,82
ADI,HWH,1122,Superfast,2,23,6,0,1,69
MAO,CSMT,580,Superfast,2,14,6,0,0,0
ADI,JAT,1269,Rajdhani,4,23,2,0,0,0
MMCT,MAO,580,Superfast,2,12,2,0,0,0
HYB,NDLS,1257,Superfast,2,20,0,1,1,90
CSMT,NDLS,1384,Superfast,2,22,2,0,0,0
HYB,JAT,603,Superfast,2,2,1,0,0,0
MAO,HYB,1531,Express,1,18,4,1,1,116
SBC,ADI,1379,Express,1,3,5,0,1,71
HYB,CSMT,388,Duronto,3,6,1,0,0,0
CNB,MAO,1259,Rajdhani,4,17,4,1,0,0
HWH,PNBE,532,Rajdhani,4,0,2,0,0,0
PNBE,CSMT,1199,Rajdhani,4,16,2,0,0,0
PNBE,MAS,536,Rajdhani,4,3,4,0,1,36
CSMT,MAS,644,Rajdhani,4,2,1,0,0,0
MAS,PNBE,696,Rajdhani,4,10,1,1,1,69
NDLS,CNB,440,Superfast,2,10,1,1,1,65
PNBE,HWH,532,Superfast,2,3,0,0,1,38
SBC,CNB,1572,Superfast,2,15,4,0,0,0
HYB,PNBE,585,Duronto,3,10,3,1,1,75
HYB,PNBE,484,Superfast,2,13,5,0,0,0
SBC,NDLS,901,Superfast,2,18,5,1,1,69
MMCT,SBC,1486,Superfast,2,4,2,0,1,79
MAO,PNBE,1263,Rajdhani,4,20,4,1,0,0
SBC,CSMT,1114,Superfast,2,5,6,0,0,0
SBC,HYB,625,Passenger,0,17,3,1,1,91
NDLS,CNB,440,Passenger,0,19,2,1,1,86
JAT,CSMT,351,Rajdhani,4,15,2,0,0,0
MAO,MAS,1128,Passenger,0,20,1,1,1,116
MAO,HYB,926,Rajdhani,4,23,4,0,0,0
MAO,MMCT,580,Rajdhani,4,22,0,0,0,0
CSMT,HYB,922,Express,1,6,4,0,0,0
HYB,HWH,1051,Superfast,2,22,3,0,1,65
MAS,SBC,362,Duronto,3,14,4,0,0,0
HWH,NDLS,1447,Superfast,2,0,4,0,1,73
ADI,NDLS,934,Superfast,2,13,4,0,0,0
CNB,ADI,1154,Superfast,2,20,5,1,1,100
MMCT,HYB,413,Express,1,21,3,1,0,0
JAT,MMCT,1072,Passenger,0,12,6,0,1,115
MAO,HWH,1142,Rajdhani,4,22,0,0,0,0
MMCT,ADI,1108,Express,1,14,0,0,1,85
SBC,NDLS,925,Superfast,2,22,2,0,0,0
SBC,MMCT,970,Express,1,7,1,0,1,84
ADI,HWH,425,Duronto,3,22,5,0,0,0
MAO,SBC,364,Rajdhani,4,20,3,1,0,0
MMCT,MAS,1515,Superfast,2,5,4,0,0,0
SBC,JAT,1508,Superfast,2,19,4,1,1,100
CSMT,MMCT,1554,Rajdhani,4,2,1,0,0,0
MAS,MAO,816,Express,1,23,6,0,1,72
MAS,SBC,362,Passenger,0,22,5,0,1,71
HYB,MAO,867,Superfast,2,14,0,0,0,0
PNBE,JAT,456,Express,1,10,3,1,1,72
PNBE,MAS,599,Superfast,2,14,3,0,0,0
HWH,HYB,439,Express,1,7,0,0,1,49
MAS,PNBE,1440,Superfast,2,0,3,0,1,81
SBC,HWH,517,Express,1,0,5,0,0,0
SBC,PNBE,502,Express,1,6,1,0,1,58
HWH,MAS,1660,Superfast,2,3,0,0,1,100
ADI,PNBE,399,Superfast,2,20,2,1,1,66
MAS,SBC,362,Superfast,2,10,6,1,1,56
NDLS,HWH,1447,Express,1,2,6,0,1,76
MAO,CNB,1248,Express,1,20,3,1,0,0
MAO,MMCT,580,Passenger,0,1,3,0,1,99
HWH,MMCT,611,Rajdhani,4,14,0,0,0,0
MAS,MAO,1234,Rajdhani,4,21,0,1,1,63
HYB,NDLS,953,Express,1,12,0,0,1,92
MAO,PNBE,827,Express,1,21,4,1,1,96
NDLS,ADI,934,Superfast,2,13,4,0,0,0
MAO,MMCT,580,Superfast,2,21,6,1,1,54
NDLS,ADI,934,Duronto,3,6,0,0,0,0
MMCT,NDLS,1384,Superfast,2,18,6,1,0,0
SBC,MAO,608,Superfast,2,8,2,1,1,51
PNBE,ADI,1260,Rajdhani,4,4,6,0,1,59
NDLS,CNB,440,Duronto,3,13,4,0,0,0
JAT,HWH,987,Superfast,2,17,6,1,0,0
CSMT,CNB,1311,Duronto,3,10,2,1,0,0
HWH,NDLS,1447,Superfast,2,21,1,1,1,96
NDLS,SBC,1388,Express,1,17,6,1,1,86
NDLS,PNBE,998,Rajdhani,4,6,5,0,0,0
SBC,MMCT,1049,Rajdhani,4,15,5,0,0,0
CNB,ADI,1578,Superfast,2,18,4,1,1,103
HWH,MAO,963,Superfast,2,5,0,0,0,0
ADI,NDLS,934,Duronto,3,0,5,0,0,0
SBC,CNB,1305,Superfast,2,7,3,0,1,86
CNB,HWH,1007,Duronto,3,5,6,0,0,0
NDLS,HWH,1447,Rajdhani,4,0,4,0,0,0
MMCT,CSMT,945,Superfast,2,20,4,1,0,0
HWH,NDLS,1447,Rajdhani,4,9,1,1,0,0
SBC,MAS,362,Duronto,3,17,1,1,0,0
CSMT,SBC,394,Rajdhani,4,8,0,1,0,0
NDLS,JAT,580,Superfast,2,3,2,0,1,48
SBC,MAS,362,Duronto,3,11,5,1,0,0
CSMT,HYB,1238,Express,1,2,0,0,1,79
CSMT,CNB,738,Rajdhani,4,12,5,0,0,0
HWH,CNB,1007,Superfast,2,20,1,1,0,0
NDLS,MAO,1552,Rajdhani,4,17,2,1,0,0
CSMT,HWH,856,Rajdhani,4,8,6,1,1,72
CSMT,HYB,1546,Express,1,6,5,0,0,0
MMCT,ADI,482,Rajdhani,4,12,6,0,1,27
JAT,HYB,1116,Superfast,2,14,1,0,1,80
HWH,CNB,1007,Superfast,2,22,3,0,0,0
ADI,MAS,1540,Superfast,2,18,5,1,1,87
NDLS,SBC,799,Express,1,14,6,0,0,0
SBC,PNBE,797,Duronto,3,12,4,0,0,0
CSMT,HWH,871,Superfast,2,4,6,0,1,45
MMCT,MAS,1260,Superfast,2,7,4,0,1,66
NDLS,ADI,934,Superfast,2,13,3,0,0,0
ADI,PNBE,1187,Superfast,2,15,2,0,0,0
MAS,PNBE,400,Rajdhani,4,7,2,0,0,0
JAT,MMCT,1085,Express,1,9,6,1,1,103
HYB,CNB,1469,Superfast,2,8,1,1,1,80
MMCT,CNB,496,Superfast,2,17,1,1,1,63
HWH,SBC,1024,Duronto,3,23,6,0,0,0
JAT,MAS,740,Superfast,2,4,6,0,1,67
CNB,HYB,884,Rajdhani,4,9,2,1,1,75
HWH,PNBE,532,Express,1,20,0,1,1,72
ADI,JAT,1399,Passenger,0,4,6,0,1,122
PNBE,SBC,814,Superfast,2,6,3,0,0,0
SBC,HYB,625,Express,1,14,5,0,0,0
ADI,HWH,525,Duronto,3,6,3,0,0,0
CNB,PNBE,779,Superfast,2,17,0,1,1,86
HWH,CSMT,1532,Express,1,9,5,1,1,148
NDLS,ADI,934,Duronto,3,13,3,0,0,0
JAT,PNBE,1451,Duronto,3,18,0,1,0,0
MAO,NDLS,634,Rajdhani,4,10,4,1,1,57
JAT,MAO,1594,Superfast,2,12,3,0,0,0
SBC,PNBE,480,Superfast,2,6,3,0,0,0
MMCT,HWH,1516,Passenger,0,20,2,1,1,100
MMCT,CSMT,563,Superfast,2,5,0,0,0,0
CNB,MAO,1350,Rajdhani,4,6,0,0,0,0
PNBE,MAS,771,Duronto,3,21,4,1,0,0
MMCT,ADI,467,Superfast,2,0,1,0,0,0
HWH,PNBE,532,Rajdhani,4,3,1,0,0,0
HYB,PNBE,1329,Superfast,2,12,6,0,1,79
SBC,CSMT,771,Duronto,3,22,5,0,1,43
ADI,CSMT,1586,Superfast,2,9,4,1,1,90
SBC,HYB,625,Duronto,3,0,1,0,1,49
ADI,MMCT,1167,Superfast,2,7,4,0,1,67
HWH,MAO,1355,Superfast,2,18,0,1,1,89
CNB,MMCT,939,Superfast,2,14,2,0,1,85
CNB,MAS,1150,Superfast,2,5,3,0,1,65
SBC,CSMT,1234,Superfast,2,21,1,1,0,0
CNB,MAO,545,Superfast,2,1,1,0,0,0
CSMT,MAS,1451,Duronto,3,2,5,0,0,0
CNB,SBC,1360,Superfast,2,17,0,1,1,82
HWH,MMCT,565,Superfast,2,10,3,1,1,57
ADI,CSMT,867,Duronto,3,1,3,0,0,0
NDLS,MMCT,1384,Superfast,2,23,3,0,0,0
SBC,PNBE,427,Rajdhani,4,3,5,0,0,0
CSMT,HWH,1300,Superfast,2,2,0,0,0,0
HYB,JAT,846,Superfast,2,14,1,0,0,0
ADI,MAS,680,Rajdhani,4,0,4,0,1,45
MMCT,CSMT,952,Rajdhani,4,23,3,0,0,0
CSMT,MMCT,372,Superfast,2,4,3,0,1,51
HWH,CSMT,793,Superfast,2,21,4,1,1,76
SBC,ADI,447,Express,1,16,5,0,0,0
JAT,CNB,560,Superfast,2,9,3,1,0,0
NDLS,MAO,359,Rajdhani,4,12,6,0,0,0
SBC,CNB,1117,Express,1,6,0,0,1,87
NDLS,PNBE,998,Passenger,0,10,6,1,1,123
SBC,JAT,479,Duronto,3,3,6,0,0,0
JAT,CSMT,692,Rajdhani,4,16,0,0,0,0
HWH,CNB,1007,Superfast,2,19,1,1,1,81
HYB,PNBE,1226,Rajdhani,4,6,0,0,0,0
HWH,CNB,1007,Rajdhani,4,20,2,1,1,66
NDLS,PNBE,998,Superfast,2,2,5,0,0,0
MAS,JAT,1105,Rajdhani,4,6,3,0,1,35
MAS,MAO,1373,Passenger,0,3,5,0,1,100
HYB,MAO,701,Duronto,3,3,4,0,1,49
HWH,JAT,1145,Superfast,2,22,1,0,0,0
HWH,CSMT,1001,Passenger,0,21,3,1,1,112
MMCT,HWH,386,Superfast,2,18,3,1,1,60
PNBE,HYB,826,Superfast,2,22,0,0,1,71
SBC,NDLS,604,Duronto,3,23,3,0,0,0
SBC,MAO,512,Rajdhani,4,11,3,1,0,0
MAS,SBC,362,Superfast,2,20,0,1,1,42
SBC,MAO,1258,Superfast,2,10,1,1,1,102
MAS,HWH,1660,Superfast,2,13,5,0,1,82
MAS,NDLS,819,Express,1,10,2,1,0,0
SBC,CNB,1454,Rajdhani,4,21,1,1,0,0
JAT,SBC,1595,Express,1,16,2,0,1,84
CSMT,ADI,362,Rajdhani,4,15,0,0,0,0
SBC,NDLS,639,Express,1,4,0,0,1,46
CSMT,MAO,580,Express,1,6,1,0,1,47
HYB,MMCT,1222,Superfast,2,9,1,1,1,89
CNB,SBC,851,Superfast,2,19,1,1,1,87
MAS,CNB,1530,Superfast,2,20,1,1,1,115
MAS,ADI,513,Passenger,0,11,3,1,1,96
PNBE,CSMT,1314,Superfast,2,16,4,0,1,78
CNB,PNBE,669,Express,1,15,0,0,1,75
PNBE,CNB,520,Express,1,9,4,1,1,84
HYB,CSMT,1482,Superfast,2,8,3,1,0,0
ADI,MAS,1278,Duronto,3,17,4,1,0,0
ADI,MMCT,1032,Rajdhani,4,15,1,0,0,0
CSMT,SBC,358,Rajdhani,4,16,5,0,0,0
CNB,HWH,1007,Superfast,2,13,3,0,0,0
CNB,HWH,1007,Superfast,2,20,4,1,1,57
MMCT,PNBE,429,Passenger,0,3,3,0,1,72
MAO,CSMT,580,Express,1,8,6,1,1,77
CNB,HWH,1007,Superfast,2,20,5,1,0,0
HWH,NDLS,1447,Express,1,23,1,0,1,91
SBC,ADI,420,Express,1,11,5,1,1,75
CNB,JAT,407,Superfast,2,20,1,1,1,65
MAS,MAO,1282,Express,1,4,2,0,0,0
SBC,MAO,1534,Passenger,0,5,0,0,0,0
MMCT,CNB,1137,Superfast,2,18,0,1,1,95
HYB,SBC,625,Rajdhani,4,13,2,0,0,0
CNB,MAS,1375,Passenger,0,21,3,1,1,116
MAO,MAS,1192,Express,1,23,6,0,0,0
MMCT,CNB,1522,Express,1,11,6,1,1,121
CSMT,MAS,779,Express,1,12,5,0,0,0
MAS,NDLS,694,Express,1,0,0,0,0,0
MMCT,PNBE,1425,Superfast,2,9,5,1,0,0
PNBE,CSMT,711,Superfast,2,22,1,0,0,0
SBC,ADI,722,Superfast,2,3,3,0,0,0
MAO,SBC,730,Duronto,3,23,1,0,0,0
SBC,MAS,362,Superfast,2,19,0,1,1,47
JAT,CSMT,513,Duronto,3,12,0,0,0,0
MAS,MMCT,1050,Rajdhani,4,7,3,0,1,46
ADI,JAT,556,Rajdhani,4,8,6,1,1,62
NDLS,JAT,580,Express,1,1,0,0,1,60
SBC,HYB,625,Superfast,2,16,6,0,1,63
MAS,ADI,1319,Express,1,19,3,1,0,0
HWH,CNB,1007,Passenger,0,7,2,0,1,95
JAT,PNBE,1125,Superfast,2,11,6,1,1,77
HWH,MMCT,356,Superfast,2,22,3,0,1,73
CNB,CSMT,402,Superfast,2,16,2,0,0,0
CNB,SBC,1104,Superfast,2,21,5,1,1,105
ADI,HYB,1196,Superfast,2,0,5,0,0,0
HWH,NDLS,1447,Express,1,23,2,0,1,86
JAT,ADI,828,Superfast,2,12,5,0,0,0
MAO,MMCT,580,Superfast,2,15,5,0,0,0
CNB,MMCT,1138,Duronto,3,6,5,0,0,0
CSMT,HYB,1521,Express,1,22,4,0,1,88
NDLS,CSMT,1384,Express,1,9,6,1,1,85
JAT,HYB,1306,Rajdhani,4,14,0,0,1,66
ADI,JAT,1457,Duronto,3,6,1,0,1,72
JAT,MMCT,566,Superfast,2,22,0,0,0,0
CSMT,HWH,1135,Express,1,7,5,0,0,0
MAS,JAT,1325,Passenger,0,21,0,1,1,109
JAT,CSMT,1444,Superfast,2,15,0,0,1,51
CNB,HWH,1007,Express,1,19,0,1,0,0
JAT,HWH,1122,Express,1,23,5,0,0,0
CNB,PNBE,1500,Passenger,0,13,6,0,1,113
SBC,CNB,880,Rajdhani,4,2,0,0,0,0
MMCT,HWH,1562,Express,1,23,0,0,1,86
MAO,HWH,610,Express,1,12,4,0,1,62
CNB,NDLS,440,Rajdhani,4,17,1,1,0,0
PNBE,CNB,1004,Express,1,21,6,1,1,79
CSMT,HYB,1582,Superfast,2,3,3,0,0,0
NDLS,HYB,1293,Duronto,3,9,6,1,1,93
SBC,ADI,1283,Rajdhani,4,9,1,1,1,71
CNB,JAT,420,Superfast,2,9,4,1,1,69
CNB,MMCT,910,Passenger,0,22,4,0,1,106
ADI,JAT,791,Superfast,2,22,3,0,0,0
NDLS,HWH,1447,Express,1,6,6,0,1,81
CNB,SBC,457,Express,1,5,6,0,1,83
ADI,PNBE,962,Passenger,0,21,6,1,1,93
CSMT,NDLS,1384,Superfast,2,13,5,0,0,0
ADI,HWH,1151,Superfast,2,16,5,0,0,0
MAS,CNB,749,Superfast,2,17,3,1,0,0
MMCT,CSMT,1012,Express,1,18,6,1,1,96
NDLS,MAS,1287,Superfast,2,18,1,1,1,102
ADI,CNB,946,Express,1,6,1,0,0,0
CNB,SBC,368,Superfast,2,18,0,1,0,0
JAT,CSMT,1121,Passenger,0,13,5,0,1,91
CSMT,NDLS,1384,Superfast,2,15,1,0,0,0
NDLS,MMCT,1384,Superfast,2,18,3,1,0,0
CSMT,JAT,1177,Duronto,3,3,1,0,0,0
PNBE,ADI,969,Superfast,2,5,5,0,0,0
CNB,PNBE,533,Express,1,20,3,1,1,73
MAS,JAT,1261,Superfast,2,3,0,0,1,51
MMCT,CNB,1351,Superfast,2,16,1,0,0,0
NDLS,MAO,1523,Passenger,0,15,2,0,1,102
CNB,MMCT,1564,Rajdhani,4,15,5,0,1,48
CNB,PNBE,961,Superfast,2,3,2,0,1,39
MMCT,HYB,728,Superfast,2,22,0,0,1,43
PNBE,HYB,1448,Express,1,16,3,0,0,0
MMCT,HYB,1547,Superfast,2,20,0,1,1,105
SBC,JAT,590,Rajdhani,4,19,5,1,0,0
CSMT,NDLS,1384,Superfast,2,10,0,1,1,103
NDLS,CSMT,1384,Duronto,3,5,0,0,0,0
HYB,MAS,421,Rajdhani,4,3,4,0,0,0
MAS,HWH,1660,Rajdhani,4,21,0,1,1,81
SBC,MAS,362,Express,1,16,6,0,1,65
MAS,JAT,1443,Superfast,2,18,3,1,1,105
CNB,HWH,1007,Express,1,11,4,1,1,96
HYB,CNB,779,Superfast,2,21,6,1,1,76
NDLS,SBC,425,Rajdhani,4,9,6,1,0,0
SBC,CSMT,1583,Superfast,2,18,2,1,1,110
MAS,CSMT,1214,Rajdhani,4,8,2,1,1,71
PNBE,JAT,684,Superfast,2,2,2,0,0,0
JAT,PNBE,643,Superfast,2,2,5,0,0,0
CNB,MAS,744,Superfast,2,18,5,1,0,0
JAT,HYB,1588,Rajdhani,4,4,2,0,1,55
PNBE,CNB,403,Passenger,0,7,0,0,0,0
MAS,MMCT,1438,Rajdhani,4,17,3,1,0,0
MMCT,HWH,532,Superfast,2,10,6,1,1,78
MAS,CSMT,812,Duronto,3,3,3,0,0,0
SBC,PNBE,565,Express,1,3,1,0,1,82
HYB,MAS,1555,Express,1,15,0,0,1,106
HYB,HWH,1521,Express,1,17,2,1,1,105
MAO,MMCT,580,Rajdhani,4,12,1,0,0,0
HWH,JAT,1438,Superfast,2,12,3,0,1,80
MAO,CSMT,580,Rajdhani,4,16,5,0,0,0
CSMT,JAT,608,Rajdhani,4,18,5,1,0,0
MAS,NDLS,1108,Superfast,2,7,5,0,1,41
MAO,PNBE,1287,Rajdhani,4,11,6,1,0,0
ADI,HYB,937,Duronto,3,13,4,0,1,67
CNB,SBC,975,Superfast,2,2,2,0,0,0
PNBE,HWH,532,Superfast,2,2,5,0,1,62
SBC,MMCT,688,Superfast,2,2,5,0,0,0
MAS,HYB,1359,Express,1,0,3,0,1,64
JAT,HYB,629,Superfast,2,16,5,0,1,60
JAT,HYB,605,Superfast,2,19,1,1,0,0
CNB,NDLS,440,Superfast,2,23,2,0,1,31
SBC,JAT,1431,Superfast,2,1,4,0,1,75
ADI,CSMT,1422,Express,1,5,0,0,1,82
HWH,CSMT,1402,Superfast,2,1,3,0,0,0
ADI,PNBE,699,Superfast,2,3,2,0,1,59
JAT,SBC,1454,Express,1,3,2,0,1,97
MAS,ADI,951,Duronto,3,0,5,0,0,0
JAT,MAO,1156,Duronto,3,9,5,1,1,90
HYB,NDLS,1298,Express,1,15,0,0,1,103
HWH,NDLS,1447,Duronto,3,11,0,1,0,0
NDLS,HWH,1447,Superfast,2,0,0,0,1,85
PNBE,ADI,754,Rajdhani,4,16,1,0,0,0
PNBE,MMCT,1348,Rajdhani,4,21,2,1,0,0
SBC,ADI,1159,Superfast,2,11,3,1,0,0
CSMT,HYB,901,Rajdhani,4,14,5,0,0,0
ADI,CSMT,636,Superfast,2,13,0,0,1,60
HWH,SBC,576,Rajdhani,4,1,1,0,0,0
PNBE,CNB,1028,Express,1,5,5,0,1,83
SBC,ADI,894,Rajdhani,4,15,4,0,1,37
ADI,JAT,610,Duronto,3,12,4,0,0,0
CNB,PNBE,619,Rajdhani,4,3,6,0,0,0
NDLS,CSMT,1384,Duronto,3,0,6,0,0,0
JAT,SBC,456,Superfast,2,10,3,1,0,0
MAO,NDLS,1239,Superfast,2,9,3,1,1,72
MMCT,PNBE,857,Superfast,2,23,4,0,1,70
CSMT,SBC,925,Express,1,8,5,1,1,86
SBC,JAT,1228,Rajdhani,4,22,6,0,0,0
MMCT,HYB,721,Rajdhani,4,18,5,1,0,0
JAT,CSMT,819,Rajdhani,4,12,0,0,0,0
MAS,SBC,362,Superfast,2,19,1,1,0,0
MMCT,NDLS,1384,Superfast,2,9,5,1,1,99
JAT,SBC,804,Duronto,3,15,0,0,1,51
HYB,PNBE,455,Duronto,3,8,2,1,0,0
MAS,HWH,1660,Duronto,3,1,1,0,1,90
NDLS,CNB,440,Superfast,2,10,1,1,1,59
MAS,ADI,923,Express,1,3,3,0,0,0
CSMT,MAS,1356,Superfast,2,9,0,1,1,94
MMCT,JAT,377,Superfast,2,4,2,0,1,62
HWH,CNB,1007,Superfast,2,11,1,1,0,0
JAT,MAS,780,Superfast,2,2,0,0,0,0
CSMT,JAT,1582,Rajdhani,4,18,5,1,1,86
SBC,CNB,1262,Express,1,2,4,0,0,0
MAO,HWH,967,Superfast,2,6,4,0,0,0
CNB,CSMT,439,Rajdhani,4,13,4,0,1,51
CNB,MAS,1497,Passenger,0,11,3,1,0,0
JAT,MMCT,1243,Rajdhani,4,13,4,0,1,54
HYB,NDLS,691,Superfast,2,22,1,0,1,56
MAS,NDLS,1509,Rajdhani,4,22,1,0,0,0
CNB,PNBE,1363,Superfast,2,16,0,0,1,80
CSMT,ADI,1393,Superfast,2,12,3,0,1,75
MAO,MAS,773,Rajdhani,4,5,4,0,0,0
SBC,MAO,368,Express,1,16,3,0,1,71
HYB,CNB,880,Duronto,3,7,2,0,1,37
CNB,MAS,1480,Rajdhani,4,7,0,0,0,0
HYB,SBC,625,Rajdhani,4,4,2,0,0,0
CSMT,MAS,455,Superfast,2,7,6,0,1,51
SBC,HYB,625,Rajdhani,4,11,5,1,0,0
MAO,HWH,1014,Rajdhani,4,22,4,0,0,0
MAS,CSMT,1186,Express,1,9,2,1,1,90
NDLS,JAT,580,Express,1,7,5,0,1,67
MAS,CSMT,874,Passenger,0,17,5,1,1,96
MAO,MMCT,580,Express,1,8,6,1,1,75
JAT,CNB,1587,Superfast,2,14,1,0,0,0
HWH,MAS,1660,Superfast,2,12,1,0,0,0
ADI,SBC,1238,Superfast,2,15,0,0,0,0
ADI,CSMT,1290,Rajdhani,4,5,1,0,0,0
MAO,ADI,719,Superfast,2,0,2,0,1,54
CSMT,CNB,1157,Superfast,2,6,0,0,0,0
CSMT,MMCT,1223,Duronto,3,20,3,1,0,0
MMCT,HYB,631,Superfast,2,0,4,0,0,0
MMCT,PNBE,1136,Rajdhani,4,0,6,0,0,0
JAT,NDLS,580,Duronto,3,2,2,0,0,0
CSMT,JAT,1578,Rajdhani,4,0,6,0,1,78
MMCT,HYB,1043,Express,1,2,1,0,0,0
CSMT,ADI,1502,Express,1,5,2,0,1,93
HWH,ADI,666,Duronto,3,17,5,1,0,0
MAS,JAT,1463,Rajdhani,4,1,0,0,0,0
HYB,MAS,560,Superfast,2,13,1,0,1,67
NDLS,SBC,399,Duronto,3,12,1,0,0,0
HWH,JAT,937,Duronto,3,21,3,1,1,56
JAT,MMCT,1357,Rajdhani,4,3,1,0,0,0
MMCT,MAS,1081,Rajdhani,4,10,0,1,1,66
HWH,MMCT,438,Superfast,2,5,3,0,0,0
HYB,HWH,1578,Rajdhani,4,13,1,0,1,92
JAT,CNB,967,Superfast,2,9,2,1,1,68
MMCT,MAS,1372,Superfast,2,8,6,1,0,0
CNB,MMCT,354,Express,1,4,6,0,1,65
JAT,CSMT,1005,Rajdhani,4,14,5,0,0,0
ADI,MMCT,581,Superfast,2,23,2,0,1,57
CSMT,MMCT,1011,Passenger,0,5,6,0,1,77
PNBE,HWH,532,Superfast,2,15,5,0,0,0
PNBE,MAO,1032,Rajdhani,4,20,1,1,0,0
PNBE,CNB,1475,Superfast,2,17,3,1,0,0
HYB,CNB,821,Superfast,2,18,5,1,0,0
PNBE,HYB,1533,Express,1,23,1,0,1,79
CNB,MMCT,831,Superfast,2,6,6,0,1,63
NDLS,HWH,1447,Superfast,2,4,0,0,1,78
NDLS,HWH,1447,Express,1,4,2,0,1,80
ADI,CSMT,1479,Passenger,0,13,1,0,1,112
SBC,CNB,464,Superfast,2,3,5,0,0,0
CNB,CSMT,1123,Superfast,2,22,3,0,1,76
HWH,NDLS,1447,Superfast,2,2,3,0,0,0
MAO,CSMT,580,Rajdhani,4,4,0,0,0,0
SBC,MMCT,375,Superfast,2,13,1,0,0,0
CSMT,ADI,636,Superfast,2,22,2,0,0,0
ADI,PNBE,1040,Superfast,2,20,5,1,1,61
NDLS,MAS,577,Rajdhani,4,20,0,1,0,0
MAO,CSMT,580,Rajdhani,4,12,6,0,0,0
PNBE,JAT,1280,Superfast,2,8,4,1,0,0
HYB,MAS,815,Superfast,2,5,2,0,1,45
MMCT,HYB,1123,Passenger,0,4,5,0,0,0
SBC,PNBE,464,Duronto,3,5,6,0,0,0
CNB,HYB,1589,Express,1,22,3,0,1,88
ADI,HWH,1179,Express,1,5,0,0,1,70
HWH,JAT,1218,Rajdhani,4,3,0,0,1,72
MMCT,HWH,1585,Express,1,10,0,1,1,117
SBC,MAS,362,Superfast,2,2,1,0,0,0
MAO,NDLS,983,Rajdhani,4,6,5,0,0,0
NDLS,SBC,901,Rajdhani,4,18,4,1,1,75
NDLS,MAO,1340,Rajdhani,4,10,0,1,1,78
MAS,NDLS,1080,Express,1,12,4,0,1,93
SBC,HWH,1150,Superfast,2,4,5,0,0,0
JAT,MMCT,1028,Superfast,2,23,4,0,1,72
MMCT,HYB,657,Rajdhani,4,12,3,0,0,0
MAO,NDLS,944,Rajdhani,4,21,3,1,0,0
MMCT,JAT,541,Passenger,0,7,1,0,1,95
JAT,CNB,638,Express,1,5,4,0,0,0
HYB,MAO,1421,Express,1,10,3,1,1,83
CSMT,HWH,945,Superfast,2,13,0,0,1,65
CNB,JAT,1143,Duronto,3,19,4,1,1,76
MMCT,CSMT,1511,Superfast,2,15,0,0,1,67
NDLS,CSMT,1384,Superfast,2,2,3,0,0,0
MMCT,ADI,992,Rajdhani,4,9,1,1,0,0
MMCT,MAS,1530,Superfast,2,2,0,0,0,0
CSMT,ADI,878,Passenger,0,8,6,1,1,98
ADI,JAT,637,Express,1,18,3,1,0,0
NDLS,HWH,1447,Superfast,2,19,5,1,1,112
CSMT,ADI,1101,Superfast,2,19,2,1,1,107
HWH,MMCT,1196,Superfast,2,8,5,1,1,99
NDLS,MAO,466,Superfast,2,7,5,0,0,0
HYB,NDLS,666,Express,1,9,3,1,1,80
CSMT,MAO,580,Express,1,7,3,0,0,0
ADI,JAT,541,Duronto,3,14,5,0,0,0
HYB,ADI,573,Rajdhani,4,23,0,0,0,0
PNBE,CNB,758,Superfast,2,2,2,0,1,65
HWH,MAO,1345,Duronto,3,23,3,0,1,71
MMCT,MAS,1280,Rajdhani,4,4,3,0,1,49
CSMT,JAT,787,Duronto,3,1,4,0,0,0
PNBE,NDLS,998,Express,1,15,1,0,1,83
NDLS,SBC,396,Passenger,0,21,3,1,1,92
MAS,CNB,710,Rajdhani,4,2,2,0,0,0
PNBE,MMCT,960,Express,1,14,6,0,1,93
PNBE,HYB,788,Superfast,2,8,1,1,0,0
NDLS,MMCT,1384,Duronto,3,9,1,1,0,0
SBC,HWH,1208,Superfast,2,17,5,1,0,0
CSMT,PNBE,1076,Express,1,18,3,1,1,89
NDLS,HYB,1572,Rajdhani,4,23,5,0,1,68
MAO,CNB,646,Duronto,3,23,5,0,1,50
CNB,HWH,1007,Rajdhani,4,14,1,0,1,50
ADI,HWH,582,Express,1,21,3,1,1,59
MAS,HYB,357,Passenger,0,4,5,0,0,0
ADI,JAT,1534,Rajdhani,4,6,5,0,0,0
SBC,PNBE,1468,Express,1,19,3,1,1,99
SBC,HWH,779,Passenger,0,21,4,1,1,111
NDLS,HWH,1447,Rajdhani,4,9,4,1,0,0
MMCT,ADI,1283,Superfast,2,11,2,1,1,71
HYB,PNBE,1421,Passenger,0,10,0,1,1,126
CSMT,ADI,1227,Superfast,2,17,4,1,1,75
CSMT,HYB,1242,Superfast,2,21,5,1,0,0
JAT,PNBE,930,Superfast,2,3,0,0,0,0
MMCT,CNB,383,Superfast,2,13,0,0,1,45
ADI,MAO,1465,Rajdhani,4,14,4,0,0,0
MAO,NDLS,943,Express,1,6,1,0,0,0
ADI,HYB,1130,Rajdhani,4,15,0,0,0,0
HWH,ADI,1195,Express,1,20,5,1,1,102
CNB,PNBE,365,Express,1,7,4,0,1,68
MAS,CNB,891,Duronto,3,13,5,0,0,0
SBC,NDLS,1199,Rajdhani,4,0,1,0,0,0
HWH,HYB,1578,Duronto,3,5,4,0,1,94
PNBE,SBC,1488,Passenger,0,6,4,0,1,107
JAT,PNBE,455,Express,1,18,3,1,1,95
CSMT,JAT,1149,Passenger,0,5,3,0,1,105
HWH,HYB,674,Superfast,2,3,5,0,0,0
CSMT,HYB,592,Superfast,2,12,6,0,0,0
JAT,MAS,1482,Rajdhani,4,10,1,1,1,85
MMCT,CNB,402,Superfast,2,20,6,1,1,73
MAO,CSMT,580,Superfast,2,17,0,1,1,70
MAO,PNBE,401,Superfast,2,4,3,0,1,30
JAT,CNB,1083,Rajdhani,4,20,1,1,0,0
MAS,SBC,362,Express,1,23,6,0,1,54
PNBE,MAS,455,Duronto,3,4,5,0,0,0
NDLS,JAT,580,Express,1,3,3,0,1,83
MAO,MMCT,580,Rajdhani,4,8,1,1,0,0
MMCT,CNB,1362,Express,1,6,3,0,1,87
MMCT,ADI,394,Superfast,2,15,5,0,0,0
MMCT,SBC,1209,Superfast,2,10,5,1,1,97
ADI,CSMT,718,Duronto,3,5,5,0,0,0
MAO,JAT,1592,Express,1,3,2,0,0,0
HWH,ADI,1578,Superfast,2,5,4,0,1,87
CNB,MAS,599,Rajdhani,4,0,4,0,1,37
NDLS,HYB,1398,Express,1,6,6,0,1,86
HWH,MMCT,794,Rajdhani,4,4,1,0,1,56
MMCT,CSMT,898,Duronto,3,6,0,0,1,34
HWH,HYB,952,Superfast,2,15,3,0,0,0
HYB,PNBE,745,Duronto,3,6,5,0,0,0
CNB,MAS,1154,Rajdhani,4,18,2,1,1,81
CSMT,SBC,1349,Superfast,2,14,3,0,1,58
MAO,MAS,1002,Superfast,2,19,3,1,1,91
PNBE,SBC,1511,Superfast,2,20,6,1,1,92
MMCT,ADI,692,Express,1,16,2,0,0,0
MAO,PNBE,951,Superfast,2,20,4,1,0,0
HWH,PNBE,532,Rajdhani,4,10,3,1,0,0
CSMT,HWH,852,Rajdhani,4,21,2,1,0,0
HWH,CSMT,993,Rajdhani,4,10,5,1,0,0
NDLS,HWH,1447,Superfast,2,10,1,1,0,0
HYB,MMCT,1139,Duronto,3,6,4,0,0,0
SBC,MMCT,1498,Duronto,3,19,6,1,1,93
JAT,MMCT,1525,Express,1,13,5,0,0,0
PNBE,HWH,532,Rajdhani,4,1,6,0,1,30
ADI,CNB,445,Passenger,0,13,0,0,1,52
MMCT,ADI,700,Superfast,2,18,3,1,1,76
SBC,MAO,393,Duronto,3,20,6,1,0,0
MAO,NDLS,1295,Duronto,3,12,0,0,1,78
HYB,CNB,430,Duronto,3,0,0,0,0,0
ADI,MMCT,1200,Superfast,2,8,2,1,1,100
HWH,PNBE,532,Superfast,2,10,3,1,0,0
MAO,NDLS,1155,Duronto,3,14,3,0,1,65
JAT,MMCT,1115,Express,1,3,0,0,0,0
SBC,NDLS,371,Rajdhani,4,10,6,1,0,0
CNB,PNBE,813,Rajdhani,4,6,5,0,0,0
HWH,HYB,360,Express,1,1,2,0,1,59
NDLS,MMCT,1384,Express,1,2,2,0,0,0
HWH,MAO,1127,Duronto,3,5,1,0,0,0
MAO,ADI,595,Rajdhani,4,4,6,0,0,0
MAO,PNBE,1265,Superfast,2,16,4,0,1,69
SBC,MAO,1328,Superfast,2,8,2,1,1,83
CNB,ADI,812,Rajdhani,4,9,5,1,0,0
MMCT,HWH,1493,Express,1,7,5,0,1,78
JAT,SBC,509,Rajdhani,4,15,0,0,0,0
SBC,NDLS,792,Superfast,2,12,1,0,0,0
ADI,MMCT,1047,Duronto,3,18,6,1,0,0
HYB,CNB,991,Express,1,9,5,1,1,117
ADI,JAT,665,Express,1,3,1,0,1,72
SBC,HWH,1139,Passenger,0,19,4,1,1,106
SBC,PNBE,734,Rajdhani,4,13,1,0,0,0
JAT,MAS,1532,Superfast,2,4,3,0,1,87
MMCT,CNB,842,Rajdhani,4,14,1,0,0,0
MAS,NDLS,1325,Superfast,2,14,2,0,1,66
MAS,MMCT,1477,Rajdhani,4,13,1,0,1,47
CSMT,PNBE,1378,Superfast,2,10,0,1,1,107
ADI,MAS,1107,Rajdhani,4,20,3,1,0,0
CNB,PNBE,747,Duronto,3,12,1,0,0,0
MAO,MAS,1434,Superfast,2,16,3,0,0,0
MMCT,JAT,452,Superfast,2,3,1,0,1,57
MMCT,NDLS,1384,Superfast,2,7,0,0,0,0
HYB,MMCT,914,Duronto,3,19,5,1,0,0
CNB,PNBE,1152,Superfast,2,7,5,0,0,0
CNB,MAS,1364,Duronto,3,6,2,0,0,0
JAT,MAS,1571,Duronto,3,0,0,0,0,0
CSMT,HYB,1326,Superfast,2,22,1,0,1,45
CSMT,HWH,492,Rajdhani,4,10,3,1,0,0
CSMT,NDLS,1384,Superfast,2,0,1,0,0,0
MAS,MMCT,699,Superfast,2,0,4,0,0,0
HWH,ADI,1544,Rajdhani,4,7,3,0,0,0
MMCT,NDLS,1384,Superfast,2,9,6,1,0,0
SBC,HYB,625,Rajdhani,4,4,6,0,0,0
MMCT,CNB,973,Express,1,10,3,1,0,0
ADI,HWH,1467,Duronto,3,15,2,0,1,100
HWH,ADI,377,Express,1,9,5,1,1,56
HWH,HYB,1570,Superfast,2,8,5,1,1,101
HYB,JAT,392,Rajdhani,4,13,6,0,0,0
SBC,JAT,640,Superfast,2,0,1,0,0,0
MAO,PNBE,1086,Duronto,3,2,1,0,0,0
PNBE,JAT,571,Passenger,0,20,5,1,1,102
HYB,ADI,1429,Rajdhani,4,21,2,1,0,0
HWH,PNBE,532,Superfast,2,8,2,1,1,62
SBC,NDLS,1536,Superfast,2,10,6,1,1,104
MAO,MMCT,580,Express,1,18,6,1,1,82
HWH,MAS,1660,Passenger,0,15,5,0,1,110
CSMT,ADI,657,Superfast,2,9,4,1,1,53
HYB,JAT,683,Duronto,3,9,0,1,0,0
MAS,NDLS,1279,Rajdhani,4,9,6,1,0,0
MAO,MMCT,580,Superfast,2,0,3,0,1,51
HWH,JAT,351,Rajdhani,4,4,2,0,0,0
MAS,HYB,1498,Rajdhani,4,2,5,0,0,0
MAS,CSMT,752,Superfast,2,2,2,0,0,0
SBC,NDLS,1319,Express,1,7,6,0,0,0
JAT,CNB,1141,Superfast,2,3,2,0,0,0
MAS,MAO,986,Rajdhani,4,13,5,0,0,0
HWH,MAO,635,Superfast,2,6,2,0,1,55
CSMT,PNBE,1485,Rajdhani,4,9,0,1,1,87
MAS,MAO,1294,Superfast,2,12,6,0,0,0
PNBE,MMCT,633,Superfast,2,22,2,0,1,55
HYB,JAT,1082,Superfast,2,13,3,0,0,0
PNBE,CNB,1294,Rajdhani,4,17,0,1,1,75
PNBE,MMCT,637,Superfast,2,9,6,1,1,89
SBC,MAO,1398,Superfast,2,19,4,1,0,0
MAO,MAS,459,Express,1,12,1,0,0,0
PNBE,JAT,362,Superfast,2,16,3,0,1,38
NDLS,MMCT,1384,Duronto,3,20,0,1,0,0
HWH,MAO,549,Express,1,18,3,1,0,0
CNB,HWH,1007,Rajdhani,4,18,5,1,0,0
HYB,NDLS,769,Superfast,2,17,5,1,0,0
ADI,CSMT,807,Express,1,20,6,1,1,91
CSMT,MAS,986,Superfast,2,0,6,0,1,52
ADI,MAO,761,Rajdhani,4,0,1,0,0,0
MAO,MMCT,580,Rajdhani,4,6,0,0,1,41
ADI,NDLS,934,Superfast,2,1,0,0,0,0
MAS,PNBE,1340,Passenger,0,7,6,0,1,82
HYB,MAS,1249,Express,1,19,0,1,1,112
PNBE,CSMT,394,Rajdhani,4,23,5,0,1,25
SBC,CSMT,1397,Superfast,2,17,1,1,1,83
ADI,CNB,943,Duronto,3,3,4,0,1,46
ADI,HWH,913,Superfast,2,22,6,0,0,0
MMCT,ADI,1203,Express,1,4,0,0,0,0
MAS,ADI,596,Superfast,2,0,4,0,1,58
MAS,NDLS,1260,Rajdhani,4,11,1,1,0,0
ADI,CNB,917,Rajdhani,4,5,2,0,0,0
HYB,CNB,781,Duronto,3,22,4,0,1,44
PNBE,HYB,478,Rajdhani,4,4,2,0,1,45
JAT,MAO,1044,Superfast,2,4,2,0,0,0
JAT,MAS,1156,Rajdhani,4,20,3,1,0,0
PNBE,ADI,1590,Superfast,2,18,5,1,0,0
HYB,JAT,1426,Duronto,3,22,2,0,0,0
MAO,CNB,1062,Superfast,2,12,0,0,0,0
NDLS,CNB,440,Duronto,3,21,0,1,0,0
ADI,JAT,1325,Duronto,3,7,6,0,1,46
CNB,SBC,565,Express,1,5,5,0,1,101
PNBE,CNB,481,Rajdhani,4,8,0,1,0,0
NDLS,MMCT,1384,Express,1,19,5,1,1,95
NDLS,CSMT,1384,Rajdhani,4,14,3,0,1,57
CSMT,JAT,1525,Superfast,2,6,2,0,1,66
ADI,CNB,935,Duronto,3,23,1,0,0,0
PNBE,HYB,743,Rajdhani,4,0,5,0,0,0
JAT,MMCT,766,Rajdhani,4,4,0,0,0,0
HWH,PNBE,532,Superfast,2,2,2,0,1,51
CSMT,JAT,1431,Superfast,2,6,4,0,1,80
ADI,HYB,1071,Superfast,2,17,6,1,0,0
CSMT,MMCT,1248,Superfast,2,12,6,0,0,0
MMCT,MAO,580,Rajdhani,4,16,2,0,0,0
MMCT,CNB,1371,Duronto,3,19,4,1,1,76
HWH,NDLS,1447,Express,1,9,6,1,1,105
MAS,PNBE,1082,Rajdhani,4,5,2,0,1,69
MMCT,HYB,1528,Duronto,3,16,4,0,0,0
HYB,MAS,1167,Superfast,2,17,5,1,1,80
MMCT,MAO,580,Express,1,8,5,1,1,91
NDLS,CNB,440,Superfast,2,6,2,0,0,0
NDLS,CSMT,1384,Superfast,2,23,2,0,1,85
JAT,NDLS,580,Superfast,2,18,4,1,1,71
CNB,NDLS,440,Passenger,0,13,4,0,1,68
CNB,MAO,515,Express,1,15,1,0,1,86
MAS,NDLS,563,Rajdhani,4,16,1,0,1,37
JAT,HWH,1233,Superfast,2,7,0,0,0,0
NDLS,CNB,440,Superfast,2,12,5,0,0,0
JAT,NDLS,580,Superfast,2,12,6,0,0,0
PNBE,CSMT,1230,Superfast,2,17,1,1,1,92
MMCT,ADI,591,Express,1,11,2,1,1,72
SBC,HWH,1244,Express,1,7,1,0,0,0
MMCT,MAO,580,Duronto,3,23,6,0,0,0
HYB,MAO,443,Passenger,0,0,6,0,1,68
CNB,SBC,466,Rajdhani,4,4,3,0,0,0
CSMT,MAS,439,Duronto,3,19,5,1,1,66
SBC,MAS,362,Superfast,2,15,5,0,0,0
MMCT,JAT,507,Rajdhani,4,17,1,1,1,60
ADI,HWH,801,Superfast,2,9,2,1,1,83
HYB,MAS,850,Superfast,2,8,2,1,1,57
CNB,HYB,1381,Rajdhani,4,11,3,1,1,76
CNB,MAO,1345,Duronto,3,6,1,0,0,0
HYB,SBC,625,Superfast,2,6,0,0,0,0
HWH,CSMT,423,Passenger,0,22,3,0,1,82
JAT,ADI,583,Rajdhani,4,1,2,0,1,48
MAS,MAO,1136,Duronto,3,2,0,0,1,55
MAS,MAO,1136,Superfast,2,12,3,0,1,80
ADI,NDLS,934,Duronto,3,5,5,0,0,0
PNBE,HYB,457,Superfast,2,1,4,0,1,43
HWH,NDLS,1447,Express,1,10,6,1,1,115
MAS,MAO,793,Express,1,10,5,1,1,81
MAO,PNBE,1225,Express,1,23,6,0,1,90
NDLS,MMCT,1384,Superfast,2,23,5,0,0,0
MAS,HYB,1299,Superfast,2,23,4,0,0,0
HYB,MAS,682,Passenger,0,14,5,0,1,104
SBC,CSMT,381,Duronto,3,21,2,1,0,0
MMCT,SBC,1461,Duronto,3,18,3,1,0,0
NDLS,MAO,911,Superfast,2,21,2,1,0,0
JAT,MAO,375,Rajdhani,4,18,5,1,0,0
HWH,MAS,1660,Superfast,2,0,3,0,1,93
NDLS,ADI,934,Passenger,0,15,5,0,0,0
HYB,SBC,625,Rajdhani,4,2,2,0,1,56
MAO,HYB,993,Passenger,0,14,1,0,1,90
MAS,CNB,881,Express,1,4,1,0,1,91
JAT,CSMT,650,Express,1,20,0,1,1,76
SBC,MMCT,428,Rajdhani,4,16,6,0,0,0
ADI,MAO,999,Rajdhani,4,22,1,0,0,0
NDLS,MAS,877,Rajdhani,4,11,4,1,0,0
CNB,NDLS,440,Duronto,3,3,0,0,1,54
HYB,ADI,581,Superfast,2,7,1,0,0,0
HWH,MAO,1110,Express,1,21,3,1,1,89
MMCT,JAT,1223,Express,1,4,0,0,1,83
HWH,MAO,1087,Duronto,3,13,5,0,0,0
HWH,ADI,952,Superfast,2,5,2,0,0,0
NDLS,MAS,657,Express,1,0,0,0,1,57
MAO,SBC,991,Superfast,2,23,4,0,0,0
MAO,HWH,790,Superfast,2,18,0,1,0,0
JAT,CSMT,1130,Express,1,20,0,1,1,108
MMCT,SBC,1507,Superfast,2,18,5,1,1,106
HYB,PNBE,1453,Superfast,2,16,6,0,0,0
NDLS,MAO,1317,Superfast,2,16,3,0,0,0
HWH,MAS,1660,Express,1,9,1,1,1,88
HWH,SBC,1091,Duronto,3,10,5,1,0,0
MMCT,SBC,1261,Superfast,2,13,2,0,0,0
MMCT,HWH,1497,Superfast,2,11,5,1,1,99
ADI,MAO,821,Superfast,2,13,1,0,0,0
MAO,CSMT,580,Duronto,3,13,5,0,0,0
MAO,JAT,632,Superfast,2,9,2,1,0,0
HWH,MMCT,516,Superfast,2,16,1,0,1,51
MAO,ADI,755,Express,1,14,0,0,1,69
CSMT,MMCT,1207,Duronto,3,17,5,1,0,0
ADI,MMCT,608,Express,1,13,0,0,0,0
CNB,CSMT,499,Rajdhani,4,16,3,0,0,0
PNBE,HWH,532,Superfast,2,17,1,1,0,0
CNB,MAS,593,Duronto,3,10,4,1,1,47
MAO,CNB,570,Passenger,0,1,0,0,1,80
CNB,HWH,1007,Express,1,20,3,1,1,102
CNB,PNBE,942,Express,1,22,1,0,1,86
CNB,CSMT,1557,Express,1,16,0,0,1,106
CSMT,NDLS,1384,Superfast,2,21,5,1,0,0
ADI,PNBE,1006,Superfast,2,16,5,0,0,0
MAO,MAS,548,Duronto,3,15,2,0,1,40
NDLS,MAO,1410,Express,1,18,4,1,1,98
PNBE,MAS,1011,Superfast,2,5,1,0,1,78
NDLS,SBC,1231,Superfast,2,18,4,1,1,89
HWH,MMCT,1061,Duronto,3,3,2,0,1,60
MAS,ADI,1248,Duronto,3,5,2,0,0,0
MAS,MAO,567,Express,1,21,2,1,1,77
CSMT,MMCT,773,Superfast,2,16,6,0,1,65
CSMT,NDLS,1384,Express,1,17,4,1,1,120
SBC,NDLS,1350,Express,1,0,2,0,1,87
SBC,MAS,362,Superfast,2,14,4,0,0,0
CSMT,ADI,954,Express,1,22,5,0,1,74
MMCT,ADI,1235,Superfast,2,2,6,0,0,0
CSMT,MAS,588,Passenger,0,2,5,0,1,77
SBC,MMCT,1019,Rajdhani,4,10,2,1,0,0
ADI,JAT,1400,Superfast,2,2,5,0,1,88
CNB,HWH,1007,Superfast,2,22,6,0,0,0
HYB,HWH,739,Express,1,21,6,1,1,82
JAT,NDLS,580,Duronto,3,18,3,1,1,56
SBC,JAT,750,Duronto,3,4,3,0,0,0
CSMT,ADI,928,Rajdhani,4,20,0,1,0,0
HYB,SBC,625,Superfast,2,15,4,0,1,42
MAO,SBC,714,Rajdhani,4,22,2,0,0,0
MAO,PNBE,1545,Duronto,3,11,3,1,1,93
HYB,JAT,718,Express,1,7,2,0,0,0
JAT,ADI,1353,Express,1,12,4,0,1,84
HWH,HYB,1335,Duronto,3,7,0,0,1,84
MAS,PNBE,1265,Duronto,3,21,3,1,1,70
MMCT,CSMT,1301,Passenger,0,21,0,1,1,126
HWH,PNBE,532,Express,1,15,6,0,1,85
ADI,MAO,1193,Superfast,2,0,2,0,0,0
MAS,HYB,790,Express,1,13,0,0,1,91
HYB,HWH,885,Superfast,2,13,3,0,1,66
ADI,PNBE,1166,Duronto,3,1,2,0,1,60
ADI,SBC,1045,Superfast,2,1,2,0,1,73
ADI,PNBE,803,Superfast,2,5,4,0,0,0
SBC,JAT,575,Express,1,19,4,1,1,82
HWH,CSMT,1588,Superfast,2,23,0,0,0,0
PNBE,MMCT,1032,Express,1,17,0,1,1,112
JAT,NDLS,580,Duronto,3,17,1,1,0,0
CSMT,HYB,1160,Express,1,7,2,0,1,69
CSMT,HWH,1028,Superfast,2,17,5,1,1,53
SBC,NDLS,423,Express,1,16,0,0,0,0
HYB,PNBE,1343,Rajdhani,4,9,2,1,1,82
NDLS,SBC,856,Rajdhani,4,23,0,0,0,0
PNBE,JAT,1170,Rajdhani,4,23,2,0,0,0
MMCT,CNB,501,Superfast,2,22,6,0,1,35
CNB,PNBE,391,Rajdhani,4,17,4,1,1,49
CSMT,MMCT,1554,Express,1,6,6,0,0,0
MAO,MAS,1012,Superfast,2,23,0,0,0,0
MAS,CNB,1289,Duronto,3,8,5,1,1,76
MAO,ADI,1121,Duronto,3,2,1,0,1,67
PNBE,HYB,920,Superfast,2,22,4,0,1,69
HYB,SBC,625,Rajdhani,4,15,5,0,1,34
PNBE,HWH,532,Superfast,2,14,1,0,1,43
MAO,NDLS,1163,Express,1,14,2,0,1,98
ADI,MAO,573,Superfast,2,10,1,1,1,64
JAT,MMCT,545,Superfast,2,6,6,0,0,0
ADI,MAO,861,Rajdhani,4,12,4,0,0,0
ADI,HYB,1510,Express,1,1,6,0,1,93
ADI,MAS,1193,Duronto,3,10,6,1,1,78
CSMT,NDLS,1384,Superfast,2,19,3,1,1,76
NDLS,MAS,778,Express,1,15,4,0,1,57
ADI,HWH,832,Duronto,3,22,3,0,0,0
HYB,CNB,516,Express,1,13,5,0,1,45
MMCT,PNBE,610,Express,1,5,4,0,1,76
CNB,MMCT,690,Rajdhani,4,3,0,0,0,0
PNBE,ADI,699,Superfast,2,16,3,0,1,55
CSMT,HYB,1206,Superfast,2,9,0,1,0,0
PNBE,MAS,905,Superfast,2,19,2,1,1,77
MAO,JAT,689,Rajdhani,4,16,5,0,0,0
SBC,MAO,1110,Superfast,2,8,3,1,1,83
ADI,SBC,1026,Express,1,23,6,0,1,75
CSMT,CNB,1423,Superfast,2,15,0,0,0,0
HWH,PNBE,532,Rajdhani,4,2,0,0,1,34
MAS,SBC,362,Superfast,2,17,3,1,1,47
HWH,MMCT,475,Superfast,2,19,1,1,0,0
MMCT,HWH,1495,Express,1,11,5,1,1,132
NDLS,SBC,912,Duronto,3,13,4,0,0,0
CNB,MAS,1102,Superfast,2,12,2,0,0,0
HYB,CNB,764,Rajdhani,4,4,0,0,0,0
CNB,SBC,923,Rajdhani,4,18,0,1,1,64
CSMT,HYB,1552,Superfast,2,12,2,0,1,100
MAO,CNB,1588,Duronto,3,23,6,0,1,81
MAO,JAT,1319,Duronto,3,0,6,0,0,0
SBC,CNB,537,Express,1,19,1,1,1,86
CSMT,CNB,1323,Express,1,10,0,1,1,87
NDLS,CSMT,1384,Express,1,13,5,0,1,88
ADI,HWH,969,Superfast,2,3,1,0,0,0
HYB,PNBE,1122,Express,1,22,3,0,1,92
HWH,MAS,1660,Duronto,3,2,4,0,0,0
SBC,CSMT,918,Superfast,2,13,4,0,1,70
ADI,CNB,863,Superfast,2,17,3,1,0,0
JAT,HWH,714,Rajdhani,4,11,6,1,0,0
ADI,JAT,1058,Superfast,2,6,4,0,1,57
HYB,SBC,625,Superfast,2,23,0,0,1,58
SBC,ADI,1089,Superfast,2,0,4,0,1,91
MAS,HWH,1660,Express,1,8,4,1,1,135
NDLS,MAO,909,Rajdhani,4,8,5,1,0,0
ADI,PNBE,439,Passenger,0,22,2,0,1,91
MAS,JAT,467,Passenger,0,0,6,0,0,0
CNB,ADI,1594,Superfast,2,15,1,0,0,0
ADI,JAT,1467,Express,1,1,2,0,1,102
NDLS,MAO,663,Superfast,2,5,6,0,1,61
CSMT,MMCT,1209,Express,1,3,0,0,1,79
ADI,JAT,477,Duronto,3,17,2,1,0,0
SBC,JAT,384,Duronto,3,21,6,1,0,0
HWH,CSMT,1551,Superfast,2,11,4,1,1,81
NDLS,JAT,580,Superfast,2,21,5,1,0,0
NDLS,MMCT,1384,Express,1,16,1,0,1,81
CNB,MAS,521,Rajdhani,4,1,2,0,0,0
MAO,SBC,1385,Superfast,2,20,5,1,0,0
NDLS,MAS,910,Superfast,2,3,2,0,1,65
ADI,MAO,526,Superfast,2,14,0,0,0,0
MMCT,CNB,723,Superfast,2,5,2,0,1,38
MAO,JAT,391,Express,1,0,1,0,0,0
JAT,HWH,1292,Rajdhani,4,23,1,0,1,65
MAS,JAT,741,Superfast,2,23,1,0,1,87
MAS,NDLS,1126,Superfast,2,5,2,0,0,0
CSMT,MAO,580,Superfast,2,6,2,0,1,10
SBC,CSMT,954,Duronto,3,14,2,0,1,72
MMCT,ADI,1077,Superfast,2,11,6,1,1,88
JAT,HYB,1270,Express,1,21,6,1,0,0
CSMT,NDLS,1384,Superfast,2,17,4,1,1,84
SBC,PNBE,1060,Superfast,2,21,6,1,1,79
MAS,SBC,362,Superfast,2,16,4,0,1,46
CNB,MAS,535,Superfast,2,6,2,0,1,65
SBC,ADI,884,Rajdhani,4,3,4,0,0,0
JAT,CNB,731,Superfast,2,14,4,0,0,0
HWH,CNB,1007,Superfast,2,18,0,1,0,0
HWH,MMCT,1084,Express,1,0,1,0,1,89
PNBE,ADI,1035,Duronto,3,3,1,0,0,0
HWH,MAS,1660,Superfast,2,5,6,0,1,113
NDLS,ADI,934,Superfast,2,22,3,0,0,0
CNB,PNBE,1319,Express,1,8,5,1,0,0
HWH,MAO,1041,Superfast,2,12,2,0,0,0
NDLS,SBC,1388,Rajdhani,4,13,6,0,1,54
MAS,MAO,1170,Superfast,2,5,4,0,0,0
CSMT,MAS,1572,Passenger,0,16,1,0,1,116
MAO,CSMT,580,Superfast,2,1,0,0,0,0
MAS,CSMT,1058,Superfast,2,5,3,0,1,63
NDLS,JAT,580,Duronto,3,5,2,0,1,46
MAS,MMCT,728,Duronto,3,6,3,0,0,0
MMCT,SBC,665,Superfast,2,11,0,1,1,64
ADI,CSMT,1055,Rajdhani,4,17,5,1,0,0
PNBE,SBC,1317,Superfast,2,14,5,0,0,0
SBC,MMCT,1143,Rajdhani,4,4,3,0,0,0
HWH,MAS,1660,Superfast,2,17,0,1,0,0
HWH,ADI,1551,Rajdhani,4,19,1,1,1,89
SBC,HWH,1091,Duronto,3,0,4,0,0,0
MAO,PNBE,508,Superfast,2,4,3,0,1,51
SBC,NDLS,782,Duronto,3,2,2,0,0,0
PNBE,JAT,718,Superfast,2,9,2,1,1,72
PNBE,JAT,1334,Rajdhani,4,13,1,0,0,0
CSMT,PNBE,1409,Express,1,14,6,0,1,94
MMCT,HWH,557,Superfast,2,12,6,0,0,0
NDLS,CSMT,1384,Rajdhani,4,16,3,0,1,39
JAT,ADI,373,Superfast,2,21,3,1,0,0
PNBE,NDLS,998,Superfast,2,23,5,0,1,52
MMCT,MAO,580,Superfast,2,15,5,0,1,44
HWH,HYB,1097,Rajdhani,4,5,3,0,0,0
HYB,PNBE,513,Rajdhani,4,10,5,1,0,0
MAO,MAS,754,Superfast,2,19,5,1,1,68
ADI,PNBE,449,Superfast,2,1,0,0,0,0
ADI,CNB,1101,Rajdhani,4,19,5,1,1,66
HWH,MAS,1660,Duronto,3,9,6,1,0,0
NDLS,HYB,897,Rajdhani,4,11,3,1,1,51
NDLS,ADI,934,Duronto,3,1,4,0,1,59
MMCT,HWH,424,Superfast,2,12,1,0,0,0
CSMT,MMCT,1445,Rajdhani,4,23,1,0,0,0
